"Message",Low,"Démarrage de la compilation .NET Native"
"Message",Low,""
"Message",Low,""
"Message",Low,"Tâche ""Gatekeeper"""
"Message",Normal,"Lancement de 'C:\Users\Yann\.nuget\packages\runtime.win10-x64.microsoft.net.native.compiler\2.2.7-rel-27913-00\tools\x64\ilc\ilc.exe --gatekeeper @""C:\Users\Yann\OneDrive\Bureau\cours\m2\ContextAwareHololens\Hololens\obj\x64\Release\ilc\intermediate\gkargs.rsp""'"
"Message",Low,"Microsoft (R) .NET Native Gatekeeper, version 2.2.27913.00 "
"Message",Low,"Copyright (C) Microsoft Corporation.  All rights reserved. "
"Message",Low," "
"Message",Low,"ILCTelemetry: System.ArgumentException: Could not deserialize to TelemetrySession object"
"Message",Low,"Nom du param�tre�: serializedSession ---> System.Runtime.Serialization.SerializationException: Une erreur s'est produite lors de la d�s�rialisation de l'objet de type Microsoft.VisualStudio.Telemetry.TelemetrySessionSettings. Jeton '""' attendu, mais 'I' a �t� trouv�. ---> System.Xml.XmlException: Jeton '""' attendu, mais 'I' a �t� trouv�."
"Message",Low,"   � System.Xml.XmlExceptionHelper.ThrowXmlException(XmlDictionaryReader reader, String res, String arg1, String arg2, String arg3)"
"Message",Low,"   � System.Xml.XmlExceptionHelper.ThrowTokenExpected(XmlDictionaryReader reader, String expected, Char found)"
"Message",Low,"   � System.Runtime.Serialization.Json.XmlJsonReader.ReadServerTypeAttribute(Boolean consumedObjectChar)"
"Message",Low,"   � System.Runtime.Serialization.Json.XmlJsonReader.ReadAttributes()"
"Message",Low,"   � System.Runtime.Serialization.Json.XmlJsonReader.ReadNonExistentElementName(StringHandleConstStringType elementName)"
"Message",Low,"   � System.Runtime.Serialization.Json.XmlJsonReader.Read()"
"Message",Low,"   � System.Xml.XmlBaseReader.IsStartElement()"
"Message",Low,"   � System.Xml.XmlBaseReader.IsStartElement(XmlDictionaryString localName, XmlDictionaryString namespaceUri)"
"Message",Low,"   � System.Runtime.Serialization.XmlReaderDelegator.IsStartElement(XmlDictionaryString localname, XmlDictionaryString ns)"
"Message",Low,"   � System.Runtime.Serialization.XmlObjectSerializer.IsRootElement(XmlReaderDelegator reader, DataContract contract, XmlDictionaryString name, XmlDictionaryString ns)"
"Message",Low,"   � System.Runtime.Serialization.Json.DataContractJsonSerializer.InternalIsStartObject(XmlReaderDelegator reader)"
"Message",Low,"   � System.Runtime.Serialization.Json.DataContractJsonSerializer.InternalReadObject(XmlReaderDelegator xmlReader, Boolean verifyObjectName)"
"Message",Low,"   � System.Runtime.Serialization.XmlObjectSerializer.InternalReadObject(XmlReaderDelegator reader, Boolean verifyObjectName, DataContractResolver dataContractResolver)"
"Message",Low,"   � System.Runtime.Serialization.XmlObjectSerializer.ReadObjectHandleExceptions(XmlReaderDelegator reader, Boolean verifyObjectName, DataContractResolver dataContractResolver)"
"Message",Low,"   --- Fin de la trace de la pile d'exception interne ---"
"Message",Low,"   � System.Runtime.Serialization.XmlObjectSerializer.ReadObjectHandleExceptions(XmlReaderDelegator reader, Boolean verifyObjectName, DataContractResolver dataContractResolver)"
"Message",Low,"   � System.Runtime.Serialization.Json.DataContractJsonSerializer.ReadObject(XmlDictionaryReader reader)"
"Message",Low,"   � System.Runtime.Serialization.Json.DataContractJsonSerializer.ReadObject(Stream stream)"
"Message",Low,"   � Microsoft.VisualStudio.Telemetry.TelemetrySessionSettings.Deserialize(String settings)"
"Message",Low,"   � Microsoft.VisualStudio.Telemetry.TelemetrySessionSettings.Parse(String serializedSession)"
"Message",Low,"   --- Fin de la trace de la pile d'exception interne ---"
"Message",Low,"   � Microsoft.VisualStudio.Telemetry.TelemetrySessionSettings.Parse(String serializedSession)"
"Message",Low,"   � ILCTelemetry.Program.ReadEvents()"
"Message",Low,"   � ILCTelemetry.Program.Main(String[] args)"
"Message",Low,"V�rification de l'assembly 'C:\Users\Yann\OneDrive\Bureau\cours\m2\ContextAwareHololens\Hololens\obj\x64\Release\ilc\in\Hololens.exe'. "
"Message",Low,"V�rification de l'assembly 'C:\Users\Yann\OneDrive\Bureau\cours\m2\ContextAwareHololens\Hololens\obj\x64\Release\ilc\in\StereoKit.dll'. "
"Message",Normal,"'C:\Users\Yann\.nuget\packages\runtime.win10-x64.microsoft.net.native.compiler\2.2.7-rel-27913-00\tools\x64\ilc\ilc.exe --gatekeeper @""C:\Users\Yann\OneDrive\Bureau\cours\m2\ContextAwareHololens\Hololens\obj\x64\Release\ilc\intermediate\gkargs.rsp""' achevé."
"Message",Normal,"Statistiques d'exécution de processus (toutes les durées en millisecondes)"
"Message",Normal,"-----------------------------------------------------------------------------"
"Message",Normal,"lancement | début |   arrêt  |   fin    |  durée   | durée de vie | nom [emplacement]"
"Message",Normal,"-----------------------------------------------------------------------------"
"Message",Normal,"       0 |        0 |      172 |      172 |      172 |      172 | [0] Gatekeeper"
"Message",Normal,"Nombre de commandes :    1"
"Message",Normal,"Temps système total :    172 ms"
"Message",Normal,"Temps système par commande : 172 ms"
"Message",Normal,"Durée totale :           172 ms"
"Message",Normal,"Durée de vie totale :    172 ms"
"Message",Normal,"DOP demandé :            12"
"Message",Normal,"Durée DOP :              1,0"
"Message",Normal,"Durée de vie DOP :       1,0"
"Message",Low,"Fin de l'exécution de la tâche ""Gatekeeper""."
"Message",Low,"Génération de la cible ""RunGatekeeper"" terminée dans le fichier ""Preparation""."
"Message",Low,""
"Message",Low,"Génération de la cible ""CreateToolchainGeneratedAssembly"" terminée dans le fichier ""Preparation""."
"Message",Low,""
"Message",Low,"Tâche ""PreMergeAssemblyClosure"""
"Message",Low,"Fin de l'exécution de la tâche ""PreMergeAssemblyClosure""."
"Message",Low,"Génération de la cible ""ConstructPreMergeAssemblyClosure"" terminée dans le fichier ""Preparation""."
"Message",Low,""
"Message",Low,"Tâche ""McgReferenceResolveFilePath"""
"Message",Low,"Fin de l'exécution de la tâche ""McgReferenceResolveFilePath""."
"Message",Low,"Génération de la cible ""PreResolveTransforms"" terminée dans le fichier ""Preparation""."
"Message",Low,""
"Message",Low,"Tâche ""ResolveToolchainRequiredAssemblyRoots"""
"Message",Low,"Fin de l'exécution de la tâche ""ResolveToolchainRequiredAssemblyRoots""."
"Message",Low,"Tâche ""ILTransformAssemblyClosure"""
"Message",Low,"Fin de l'exécution de la tâche ""ILTransformAssemblyClosure""."
"Message",Low,"Tâche ""ResolveToolchainRequiredAssemblyRoots"""
"Message",Low,"Fin de l'exécution de la tâche ""ResolveToolchainRequiredAssemblyRoots""."
"Message",Low,"Tâche ""ReducedCopyAssemblyClosure"""
"Message",Low,"Fin de l'exécution de la tâche ""ReducedCopyAssemblyClosure""."
"Message",Low,"Génération de la cible ""ConstructILTransformAssemblyClosure"" terminée dans le fichier ""Preparation""."
"Message",Low,"Génération du projet ""Preparation"" terminée."
"Message",Low,""
"Message",Low,""
"Message",High,"Traitement du code de l'application"
"Message",Low,"Tâche ""RunILTransforms"""
"Message",Normal,"Exécution de la transformation 'DumpNativeResources', tas à 95 Mo."
"Message",Normal,"Exécution de la transformation 'Analysis', tas à 109 Mo."
"Message",Low,"Chargement de 52 modules..."
"Message",Normal,"Directives de réflexion importées à partir de 7 fichiers :"
"Message",Normal,"C:\Users\Yann\OneDrive\Bureau\cours\m2\ContextAwareHololens\Hololens\obj\x64\Release\ilc\in\Properties\Default.rd.xml"
"Message",Normal,"Manifeste incorporé dans System.Private.Interop : Resources.System.Private.Interop.rd.xml"
"Message",Normal,"Manifeste incorporé dans System.Private.WinRTInterop.CoreLib : Resources.System.Private.WinRTInterop.CoreLib.rd.xml"
"Message",Normal,"Manifeste incorporé dans System.Runtime.WindowsRuntime.UI.Xaml : Resources.System.Runtime.WindowsRuntime.UI.Xaml.rd.xml"
"Message",Normal,"Manifeste incorporé dans System.Private.CoreLib : Resources.System.Private.CoreLib.rd.xml"
"Message",Normal,"Manifeste incorporé dans System.Private.Uri : Resources.System.Private.Uri.rd.xml"
"Message",Normal,"Manifeste incorporé dans System.Private.Reflection.Core : System.Private.Reflection.Core.rd.xml"
"Message",Normal,"Exécution de la transformation 'Mcg', tas à 144 Mo."
"Message",High,"Calcul de la fermeture de l'application et génération du code interop"
"Message",High,"  Chargement de 52 modules..."
"Message",Normal,"          P/Invoke 'sk_init' résolu en 'sk_init!StereoKitC' à partir de 'StereoKitC'."
"Message",Normal,"          P/Invoke 'sk_set_window' résolu en 'sk_set_window!StereoKitC' à partir de 'StereoKitC'."
"Message",Normal,"          P/Invoke 'sk_set_window_xam' résolu en 'sk_set_window_xam!StereoKitC' à partir de 'StereoKitC'."
"Message",Normal,"          P/Invoke 'sk_shutdown' résolu en 'sk_shutdown!StereoKitC' à partir de 'StereoKitC'."
"Message",Normal,"          P/Invoke 'sk_quit' résolu en 'sk_quit!StereoKitC' à partir de 'StereoKitC'."
"Message",Normal,"          P/Invoke 'sk_step' résolu en 'sk_step!StereoKitC' à partir de 'StereoKitC'."
"Message",Normal,"          P/Invoke 'sk_run' résolu en 'sk_run!StereoKitC' à partir de 'StereoKitC'."
"Message",Normal,"          P/Invoke 'sk_active_display_mode' résolu en 'sk_active_display_mode!StereoKitC' à partir de 'StereoKitC'."
"Message",Normal,"          P/Invoke 'sk_system_info' résolu en 'sk_system_info!StereoKitC' à partir de 'StereoKitC'."
"Message",Normal,"          P/Invoke 'sk_version_name' résolu en 'sk_version_name!StereoKitC' à partir de 'StereoKitC'."
"Message",Normal,"          P/Invoke 'sk_version_id' résolu en 'sk_version_id!StereoKitC' à partir de 'StereoKitC'."
"Message",Normal,"          P/Invoke 'sk_app_focus' résolu en 'sk_app_focus!StereoKitC' à partir de 'StereoKitC'."
"Message",Normal,"          P/Invoke 'time_getf_unscaled' résolu en 'time_getf_unscaled!StereoKitC' à partir de 'StereoKitC'."
"Message",Normal,"          P/Invoke 'time_get_unscaled' résolu en 'time_get_unscaled!StereoKitC' à partir de 'StereoKitC'."
"Message",Normal,"          P/Invoke 'time_getf' résolu en 'time_getf!StereoKitC' à partir de 'StereoKitC'."
"Message",Normal,"          P/Invoke 'time_get' résolu en 'time_get!StereoKitC' à partir de 'StereoKitC'."
"Message",Normal,"          P/Invoke 'time_elapsedf_unscaled' résolu en 'time_elapsedf_unscaled!StereoKitC' à partir de 'StereoKitC'."
"Message",Normal,"          P/Invoke 'time_elapsed_unscaled' résolu en 'time_elapsed_unscaled!StereoKitC' à partir de 'StereoKitC'."
"Message",Normal,"          P/Invoke 'time_elapsedf' résolu en 'time_elapsedf!StereoKitC' à partir de 'StereoKitC'."
"Message",Normal,"          P/Invoke 'time_elapsed' résolu en 'time_elapsed!StereoKitC' à partir de 'StereoKitC'."
"Message",Normal,"          P/Invoke 'time_scale' résolu en 'time_scale!StereoKitC' à partir de 'StereoKitC'."
"Message",Normal,"          P/Invoke 'time_set_time' résolu en 'time_set_time!StereoKitC' à partir de 'StereoKitC'."
"Message",Normal,"          P/Invoke 'quat_difference' résolu en 'quat_difference!StereoKitC' à partir de 'StereoKitC'."
"Message",Normal,"          P/Invoke 'quat_lookat' résolu en 'quat_lookat!StereoKitC' à partir de 'StereoKitC'."
"Message",Normal,"          P/Invoke 'quat_lookat_up' résolu en 'quat_lookat_up!StereoKitC' à partir de 'StereoKitC'."
"Message",Normal,"          P/Invoke 'matrix_transform_pose' résolu en 'matrix_transform_pose!StereoKitC' à partir de 'StereoKitC'."
"Message",Normal,"          P/Invoke 'matrix_trs' résolu en 'matrix_trs!StereoKitC' à partir de 'StereoKitC'."
"Message",Normal,"          P/Invoke 'matrix_extract_scale' résolu en 'matrix_extract_scale!StereoKitC' à partir de 'StereoKitC'."
"Message",Normal,"          P/Invoke 'matrix_extract_rotation' résolu en 'matrix_extract_rotation!StereoKitC' à partir de 'StereoKitC'."
"Message",Normal,"          P/Invoke 'matrix_extract_pose' résolu en 'matrix_extract_pose!StereoKitC' à partir de 'StereoKitC'."
"Message",Normal,"          P/Invoke 'plane_ray_intersect' résolu en 'plane_ray_intersect!StereoKitC' à partir de 'StereoKitC'."
"Message",Normal,"          P/Invoke 'plane_line_intersect' résolu en 'plane_line_intersect!StereoKitC' à partir de 'StereoKitC'."
"Message",Normal,"          P/Invoke 'plane_point_closest' résolu en 'plane_point_closest!StereoKitC' à partir de 'StereoKitC'."
"Message",Normal,"          P/Invoke 'sphere_ray_intersect' résolu en 'sphere_ray_intersect!StereoKitC' à partir de 'StereoKitC'."
"Message",Normal,"          P/Invoke 'sphere_point_contains' résolu en 'sphere_point_contains!StereoKitC' à partir de 'StereoKitC'."
"Message",Normal,"          P/Invoke 'bounds_ray_intersect' résolu en 'bounds_ray_intersect!StereoKitC' à partir de 'StereoKitC'."
"Message",Normal,"          P/Invoke 'bounds_point_contains' résolu en 'bounds_point_contains!StereoKitC' à partir de 'StereoKitC'."
"Message",Normal,"          P/Invoke 'bounds_line_contains' résolu en 'bounds_line_contains!StereoKitC' à partir de 'StereoKitC'."
"Message",Normal,"          P/Invoke 'bounds_capsule_contains' résolu en 'bounds_capsule_contains!StereoKitC' à partir de 'StereoKitC'."
"Message",Normal,"          P/Invoke 'ray_point_closest' résolu en 'ray_point_closest!StereoKitC' à partir de 'StereoKitC'."
"Message",Normal,"          P/Invoke 'color_hsv' résolu en 'color_hsv!StereoKitC' à partir de 'StereoKitC'."
"Message",Normal,"          P/Invoke 'color_to_hsv' résolu en 'color_to_hsv!StereoKitC' à partir de 'StereoKitC'."
"Message",Normal,"          P/Invoke 'color_lab' résolu en 'color_lab!StereoKitC' à partir de 'StereoKitC'."
"Message",Normal,"          P/Invoke 'color_to_lab' résolu en 'color_to_lab!StereoKitC' à partir de 'StereoKitC'."
"Message",Normal,"          P/Invoke 'color_to_linear' résolu en 'color_to_linear!StereoKitC' à partir de 'StereoKitC'."
"Message",Normal,"          P/Invoke 'color_to_gamma' résolu en 'color_to_gamma!StereoKitC' à partir de 'StereoKitC'."
"Message",Normal,"          P/Invoke 'gradient_create' résolu en 'gradient_create!StereoKitC' à partir de 'StereoKitC'."
"Message",Normal,"          P/Invoke 'gradient_create_keys' résolu en 'gradient_create_keys!StereoKitC' à partir de 'StereoKitC'."
"Message",Normal,"          P/Invoke 'gradient_add' résolu en 'gradient_add!StereoKitC' à partir de 'StereoKitC'."
"Message",Normal,"          P/Invoke 'gradient_set' résolu en 'gradient_set!StereoKitC' à partir de 'StereoKitC'."
"Message",Normal,"          P/Invoke 'gradient_remove' résolu en 'gradient_remove!StereoKitC' à partir de 'StereoKitC'."
"Message",Normal,"          P/Invoke 'gradient_count' résolu en 'gradient_count!StereoKitC' à partir de 'StereoKitC'."
"Message",Normal,"          P/Invoke 'gradient_get' résolu en 'gradient_get!StereoKitC' à partir de 'StereoKitC'."
"Message",Normal,"          P/Invoke 'gradient_get32' résolu en 'gradient_get32!StereoKitC' à partir de 'StereoKitC'."
"Message",Normal,"          P/Invoke 'gradient_release' résolu en 'gradient_release!StereoKitC' à partir de 'StereoKitC'."
"Message",Normal,"          P/Invoke 'sh_create' résolu en 'sh_create!StereoKitC' à partir de 'StereoKitC'."
"Message",Normal,"          P/Invoke 'sh_brightness' résolu en 'sh_brightness!StereoKitC' à partir de 'StereoKitC'."
"Message",Normal,"          P/Invoke 'sh_add' résolu en 'sh_add!StereoKitC' à partir de 'StereoKitC'."
"Message",Normal,"          P/Invoke 'sh_lookup' résolu en 'sh_lookup!StereoKitC' à partir de 'StereoKitC'."
"Message",Normal,"          P/Invoke 'sh_dominant_dir' résolu en 'sh_dominant_dir!StereoKitC' à partir de 'StereoKitC'."
"Message",Normal,"          P/Invoke 'mesh_find' résolu en 'mesh_find!StereoKitC' à partir de 'StereoKitC'."
"Message",Normal,"          P/Invoke 'mesh_create' résolu en 'mesh_create!StereoKitC' à partir de 'StereoKitC'."
"Message",Normal,"          P/Invoke 'mesh_set_id' résolu en 'mesh_set_id!StereoKitC' à partir de 'StereoKitC'."
"Message",Normal,"          P/Invoke 'mesh_addref' résolu en 'mesh_addref!StereoKitC' à partir de 'StereoKitC'."
"Message",Normal,"          P/Invoke 'mesh_release' résolu en 'mesh_release!StereoKitC' à partir de 'StereoKitC'."
"Message",Normal,"          P/Invoke 'mesh_set_keep_data' résolu en 'mesh_set_keep_data!StereoKitC' à partir de 'StereoKitC'."
"Message",Normal,"          P/Invoke 'mesh_get_keep_data' résolu en 'mesh_get_keep_data!StereoKitC' à partir de 'StereoKitC'."
"Message",Normal,"          P/Invoke 'mesh_set_verts' résolu en 'mesh_set_verts!StereoKitC' à partir de 'StereoKitC'."
"Message",Normal,"          P/Invoke 'mesh_get_verts' résolu en 'mesh_get_verts!StereoKitC' à partir de 'StereoKitC'."
"Message",Normal,"          P/Invoke 'mesh_get_vert_count' résolu en 'mesh_get_vert_count!StereoKitC' à partir de 'StereoKitC'."
"Message",Normal,"          P/Invoke 'mesh_set_inds' résolu en 'mesh_set_inds!StereoKitC' à partir de 'StereoKitC'."
"Message",Normal,"          P/Invoke 'mesh_get_inds' résolu en 'mesh_get_inds!StereoKitC' à partir de 'StereoKitC'."
"Message",Normal,"          P/Invoke 'mesh_get_ind_count' résolu en 'mesh_get_ind_count!StereoKitC' à partir de 'StereoKitC'."
"Message",Normal,"          P/Invoke 'mesh_set_draw_inds' résolu en 'mesh_set_draw_inds!StereoKitC' à partir de 'StereoKitC'."
"Message",Normal,"          P/Invoke 'mesh_set_bounds' résolu en 'mesh_set_bounds!StereoKitC' à partir de 'StereoKitC'."
"Message",Normal,"          P/Invoke 'mesh_get_bounds' résolu en 'mesh_get_bounds!StereoKitC' à partir de 'StereoKitC'."
"Message",Normal,"          P/Invoke 'mesh_ray_intersect' résolu en 'mesh_ray_intersect!StereoKitC' à partir de 'StereoKitC'."
"Message",Normal,"          P/Invoke 'mesh_ray_intersect' résolu en 'mesh_ray_intersect!StereoKitC' à partir de 'StereoKitC'."
"Message",Normal,"          P/Invoke 'mesh_get_triangle' résolu en 'mesh_get_triangle!StereoKitC' à partir de 'StereoKitC'."
"Message",Normal,"          P/Invoke 'mesh_gen_plane' résolu en 'mesh_gen_plane!StereoKitC' à partir de 'StereoKitC'."
"Message",Normal,"          P/Invoke 'mesh_gen_cube' résolu en 'mesh_gen_cube!StereoKitC' à partir de 'StereoKitC'."
"Message",Normal,"          P/Invoke 'mesh_gen_sphere' résolu en 'mesh_gen_sphere!StereoKitC' à partir de 'StereoKitC'."
"Message",Normal,"          P/Invoke 'mesh_gen_rounded_cube' résolu en 'mesh_gen_rounded_cube!StereoKitC' à partir de 'StereoKitC'."
"Message",Normal,"          P/Invoke 'mesh_gen_cylinder' résolu en 'mesh_gen_cylinder!StereoKitC' à partir de 'StereoKitC'."
"Message",Normal,"          P/Invoke 'tex_find' résolu en 'tex_find!StereoKitC' à partir de 'StereoKitC'."
"Message",Normal,"          P/Invoke 'tex_create' résolu en 'tex_create!StereoKitC' à partir de 'StereoKitC'."
"Message",Normal,"          P/Invoke 'tex_create_color32' résolu en 'tex_create_color32!StereoKitC' à partir de 'StereoKitC'."
"Message",Normal,"          P/Invoke 'tex_create_color128' résolu en 'tex_create_color128!StereoKitC' à partir de 'StereoKitC'."
"Message",Normal,"          P/Invoke 'tex_create_mem' résolu en 'tex_create_mem!StereoKitC' à partir de 'StereoKitC'."
"Message",Normal,"          P/Invoke 'tex_create_file' résolu en 'tex_create_file!StereoKitC' à partir de 'StereoKitC'."
"Message",Normal,"          P/Invoke 'tex_create_file_arr' résolu en 'tex_create_file_arr!StereoKitC' à partir de 'StereoKitC'."
"Message",Normal,"          P/Invoke 'tex_create_cubemap_file' résolu en 'tex_create_cubemap_file!StereoKitC' à partir de 'StereoKitC'."
"Message",Normal,"          P/Invoke 'tex_create_cubemap_file' résolu en 'tex_create_cubemap_file!StereoKitC' à partir de 'StereoKitC'."
"Message",Normal,"          P/Invoke 'tex_create_cubemap_files' résolu en 'tex_create_cubemap_files!StereoKitC' à partir de 'StereoKitC'."
"Message",Normal,"          P/Invoke 'tex_create_cubemap_files' résolu en 'tex_create_cubemap_files!StereoKitC' à partir de 'StereoKitC'."
"Message",Normal,"          P/Invoke 'tex_set_id' résolu en 'tex_set_id!StereoKitC' à partir de 'StereoKitC'."
"Message",Normal,"          P/Invoke 'tex_set_fallback' résolu en 'tex_set_fallback!StereoKitC' à partir de 'StereoKitC'."
"Message",Normal,"          P/Invoke 'tex_release' résolu en 'tex_release!StereoKitC' à partir de 'StereoKitC'."
"Message",Normal,"          P/Invoke 'tex_addref' résolu en 'tex_addref!StereoKitC' à partir de 'StereoKitC'."
"Message",Normal,"          P/Invoke 'tex_asset_state' résolu en 'tex_asset_state!StereoKitC' à partir de 'StereoKitC'."
"Message",Normal,"          P/Invoke 'tex_on_load' résolu en 'tex_on_load!StereoKitC' à partir de 'StereoKitC'."
"Message",Normal,"          P/Invoke 'tex_on_load_remove' résolu en 'tex_on_load_remove!StereoKitC' à partir de 'StereoKitC'."
"Message",Normal,"          P/Invoke 'tex_set_colors' résolu en 'tex_set_colors!StereoKitC' à partir de 'StereoKitC'."
"Message",Normal,"          P/Invoke 'tex_set_colors' résolu en 'tex_set_colors!StereoKitC' à partir de 'StereoKitC'."
"Message",Normal,"          P/Invoke 'tex_set_colors' résolu en 'tex_set_colors!StereoKitC' à partir de 'StereoKitC'."
"Message",Normal,"          P/Invoke 'tex_set_colors' résolu en 'tex_set_colors!StereoKitC' à partir de 'StereoKitC'."
"Message",Normal,"          P/Invoke 'tex_set_colors' résolu en 'tex_set_colors!StereoKitC' à partir de 'StereoKitC'."
"Message",Normal,"          P/Invoke 'tex_set_colors' résolu en 'tex_set_colors!StereoKitC' à partir de 'StereoKitC'."
"Message",Normal,"          P/Invoke 'tex_set_surface' résolu en 'tex_set_surface!StereoKitC' à partir de 'StereoKitC'."
"Message",Normal,"          P/Invoke 'tex_add_zbuffer' résolu en 'tex_add_zbuffer!StereoKitC' à partir de 'StereoKitC'."
"Message",Normal,"          P/Invoke 'tex_get_data' résolu en 'tex_get_data!StereoKitC' à partir de 'StereoKitC'."
"Message",Normal,"          P/Invoke 'tex_gen_color' résolu en 'tex_gen_color!StereoKitC' à partir de 'StereoKitC'."
"Message",Normal,"          P/Invoke 'tex_gen_cubemap' résolu en 'tex_gen_cubemap!StereoKitC' à partir de 'StereoKitC'."
"Message",Normal,"          P/Invoke 'tex_gen_cubemap' résolu en 'tex_gen_cubemap!StereoKitC' à partir de 'StereoKitC'."
"Message",Normal,"          P/Invoke 'tex_gen_cubemap_sh' résolu en 'tex_gen_cubemap_sh!StereoKitC' à partir de 'StereoKitC'."
"Message",Normal,"          P/Invoke 'tex_get_format' résolu en 'tex_get_format!StereoKitC' à partir de 'StereoKitC'."
"Message",Normal,"          P/Invoke 'tex_get_width' résolu en 'tex_get_width!StereoKitC' à partir de 'StereoKitC'."
"Message",Normal,"          P/Invoke 'tex_get_height' résolu en 'tex_get_height!StereoKitC' à partir de 'StereoKitC'."
"Message",Normal,"          P/Invoke 'tex_set_sample' résolu en 'tex_set_sample!StereoKitC' à partir de 'StereoKitC'."
"Message",Normal,"          P/Invoke 'tex_get_sample' résolu en 'tex_get_sample!StereoKitC' à partir de 'StereoKitC'."
"Message",Normal,"          P/Invoke 'tex_set_address' résolu en 'tex_set_address!StereoKitC' à partir de 'StereoKitC'."
"Message",Normal,"          P/Invoke 'tex_get_address' résolu en 'tex_get_address!StereoKitC' à partir de 'StereoKitC'."
"Message",Normal,"          P/Invoke 'tex_set_anisotropy' résolu en 'tex_set_anisotropy!StereoKitC' à partir de 'StereoKitC'."
"Message",Normal,"          P/Invoke 'tex_get_anisotropy' résolu en 'tex_get_anisotropy!StereoKitC' à partir de 'StereoKitC'."
"Message",Normal,"          P/Invoke 'tex_set_loading_fallback' résolu en 'tex_set_loading_fallback!StereoKitC' à partir de 'StereoKitC'."
"Message",Normal,"          P/Invoke 'tex_set_error_fallback' résolu en 'tex_set_error_fallback!StereoKitC' à partir de 'StereoKitC'."
"Message",Normal,"          P/Invoke 'tex_get_cubemap_lighting' résolu en 'tex_get_cubemap_lighting!StereoKitC' à partir de 'StereoKitC'."
"Message",Normal,"          P/Invoke 'font_find' résolu en 'font_find!StereoKitC' à partir de 'StereoKitC'."
"Message",Normal,"          P/Invoke 'font_create' résolu en 'font_create!StereoKitC' à partir de 'StereoKitC'."
"Message",Normal,"          P/Invoke 'font_create_files' résolu en 'font_create_files!StereoKitC' à partir de 'StereoKitC'."
"Message",Normal,"          P/Invoke 'font_release' résolu en 'font_release!StereoKitC' à partir de 'StereoKitC'."
"Message",Normal,"          P/Invoke 'font_get_tex' résolu en 'font_get_tex!StereoKitC' à partir de 'StereoKitC'."
"Message",Normal,"          P/Invoke 'shader_find' résolu en 'shader_find!StereoKitC' à partir de 'StereoKitC'."
"Message",Normal,"          P/Invoke 'shader_create_file' résolu en 'shader_create_file!StereoKitC' à partir de 'StereoKitC'."
"Message",Normal,"          P/Invoke 'shader_create_mem' résolu en 'shader_create_mem!StereoKitC' à partir de 'StereoKitC'."
"Message",Normal,"          P/Invoke 'shader_set_id' résolu en 'shader_set_id!StereoKitC' à partir de 'StereoKitC'."
"Message",Normal,"          P/Invoke 'shader_get_name' résolu en 'shader_get_name!StereoKitC' à partir de 'StereoKitC'."
"Message",Normal,"          P/Invoke 'shader_release' résolu en 'shader_release!StereoKitC' à partir de 'StereoKitC'."
"Message",Normal,"          P/Invoke 'material_find' résolu en 'material_find!StereoKitC' à partir de 'StereoKitC'."
"Message",Normal,"          P/Invoke 'material_create' résolu en 'material_create!StereoKitC' à partir de 'StereoKitC'."
"Message",Normal,"          P/Invoke 'material_copy' résolu en 'material_copy!StereoKitC' à partir de 'StereoKitC'."
"Message",Normal,"          P/Invoke 'material_copy_id' résolu en 'material_copy_id!StereoKitC' à partir de 'StereoKitC'."
"Message",Normal,"          P/Invoke 'material_set_id' résolu en 'material_set_id!StereoKitC' à partir de 'StereoKitC'."
"Message",Normal,"          P/Invoke 'material_release' résolu en 'material_release!StereoKitC' à partir de 'StereoKitC'."
"Message",Normal,"          P/Invoke 'material_set_transparency' résolu en 'material_set_transparency!StereoKitC' à partir de 'StereoKitC'."
"Message",Normal,"          P/Invoke 'material_set_cull' résolu en 'material_set_cull!StereoKitC' à partir de 'StereoKitC'."
"Message",Normal,"          P/Invoke 'material_set_wireframe' résolu en 'material_set_wireframe!StereoKitC' à partir de 'StereoKitC'."
"Message",Normal,"          P/Invoke 'material_set_depth_test' résolu en 'material_set_depth_test!StereoKitC' à partir de 'StereoKitC'."
"Message",Normal,"          P/Invoke 'material_set_depth_write' résolu en 'material_set_depth_write!StereoKitC' à partir de 'StereoKitC'."
"Message",Normal,"          P/Invoke 'material_set_queue_offset' résolu en 'material_set_queue_offset!StereoKitC' à partir de 'StereoKitC'."
"Message",Normal,"          P/Invoke 'material_get_transparency' résolu en 'material_get_transparency!StereoKitC' à partir de 'StereoKitC'."
"Message",Normal,"          P/Invoke 'material_get_cull' résolu en 'material_get_cull!StereoKitC' à partir de 'StereoKitC'."
"Message",Normal,"          P/Invoke 'material_get_wireframe' résolu en 'material_get_wireframe!StereoKitC' à partir de 'StereoKitC'."
"Message",Normal,"          P/Invoke 'material_get_depth_test' résolu en 'material_get_depth_test!StereoKitC' à partir de 'StereoKitC'."
"Message",Normal,"          P/Invoke 'material_get_depth_write' résolu en 'material_get_depth_write!StereoKitC' à partir de 'StereoKitC'."
"Message",Normal,"          P/Invoke 'material_get_queue_offset' résolu en 'material_get_queue_offset!StereoKitC' à partir de 'StereoKitC'."
"Message",Normal,"          P/Invoke 'material_set_float' résolu en 'material_set_float!StereoKitC' à partir de 'StereoKitC'."
"Message",Normal,"          P/Invoke 'material_set_color' résolu en 'material_set_color!StereoKitC' à partir de 'StereoKitC'."
"Message",Normal,"          P/Invoke 'material_set_vector4' résolu en 'material_set_vector4!StereoKitC' à partir de 'StereoKitC'."
"Message",Normal,"          P/Invoke 'material_set_vector3' résolu en 'material_set_vector3!StereoKitC' à partir de 'StereoKitC'."
"Message",Normal,"          P/Invoke 'material_set_vector2' résolu en 'material_set_vector2!StereoKitC' à partir de 'StereoKitC'."
"Message",Normal,"          P/Invoke 'material_set_int' résolu en 'material_set_int!StereoKitC' à partir de 'StereoKitC'."
"Message",Normal,"          P/Invoke 'material_set_int2' résolu en 'material_set_int2!StereoKitC' à partir de 'StereoKitC'."
"Message",Normal,"          P/Invoke 'material_set_int3' résolu en 'material_set_int3!StereoKitC' à partir de 'StereoKitC'."
"Message",Normal,"          P/Invoke 'material_set_int4' résolu en 'material_set_int4!StereoKitC' à partir de 'StereoKitC'."
"Message",Normal,"          P/Invoke 'material_set_bool' résolu en 'material_set_bool!StereoKitC' à partir de 'StereoKitC'."
"Message",Normal,"          P/Invoke 'material_set_uint' résolu en 'material_set_uint!StereoKitC' à partir de 'StereoKitC'."
"Message",Normal,"          P/Invoke 'material_set_uint2' résolu en 'material_set_uint2!StereoKitC' à partir de 'StereoKitC'."
"Message",Normal,"          P/Invoke 'material_set_uint3' résolu en 'material_set_uint3!StereoKitC' à partir de 'StereoKitC'."
"Message",Normal,"          P/Invoke 'material_set_uint4' résolu en 'material_set_uint4!StereoKitC' à partir de 'StereoKitC'."
"Message",Normal,"          P/Invoke 'material_set_matrix' résolu en 'material_set_matrix!StereoKitC' à partir de 'StereoKitC'."
"Message",Normal,"          P/Invoke 'material_set_texture' résolu en 'material_set_texture!StereoKitC' à partir de 'StereoKitC'."
"Message",Normal,"          P/Invoke 'material_set_texture_id' résolu en 'material_set_texture_id!StereoKitC' à partir de 'StereoKitC'."
"Message",Normal,"          P/Invoke 'material_set_param' résolu en 'material_set_param!StereoKitC' à partir de 'StereoKitC'."
"Message",Normal,"          P/Invoke 'material_get_param_info' résolu en 'material_get_param_info!StereoKitC' à partir de 'StereoKitC'."
"Message",Normal,"          P/Invoke 'material_get_param_count' résolu en 'material_get_param_count!StereoKitC' à partir de 'StereoKitC'."
"Message",Normal,"          P/Invoke 'material_set_shader' résolu en 'material_set_shader!StereoKitC' à partir de 'StereoKitC'."
"Message",Normal,"          P/Invoke 'material_get_shader' résolu en 'material_get_shader!StereoKitC' à partir de 'StereoKitC'."
"Message",Normal,"          P/Invoke 'material_buffer_create' résolu en 'material_buffer_create!StereoKitC' à partir de 'StereoKitC'."
"Message",Normal,"          P/Invoke 'material_buffer_set_data' résolu en 'material_buffer_set_data!StereoKitC' à partir de 'StereoKitC'."
"Message",Normal,"          P/Invoke 'material_buffer_release' résolu en 'material_buffer_release!StereoKitC' à partir de 'StereoKitC'."
"Message",Normal,"          P/Invoke 'text_make_style' résolu en 'text_make_style!StereoKitC' à partir de 'StereoKitC'."
"Message",Normal,"          P/Invoke 'text_make_style_shader' résolu en 'text_make_style_shader!StereoKitC' à partir de 'StereoKitC'."
"Message",Normal,"          P/Invoke 'text_make_style_mat' résolu en 'text_make_style_mat!StereoKitC' à partir de 'StereoKitC'."
"Message",Normal,"          P/Invoke 'text_add_at_16' résolu en 'text_add_at_16!StereoKitC' à partir de 'StereoKitC'."
"Message",Normal,"          P/Invoke 'text_add_in_16' résolu en 'text_add_in_16!StereoKitC' à partir de 'StereoKitC'."
"Message",Normal,"          P/Invoke 'text_size_16' résolu en 'text_size_16!StereoKitC' à partir de 'StereoKitC'."
"Message",Normal,"          P/Invoke 'text_style_get_material' résolu en 'text_style_get_material!StereoKitC' à partir de 'StereoKitC'."
"Message",Normal,"          P/Invoke 'text_style_get_char_height' résolu en 'text_style_get_char_height!StereoKitC' à partir de 'StereoKitC'."
"Message",Normal,"          P/Invoke 'solid_create' résolu en 'solid_create!StereoKitC' à partir de 'StereoKitC'."
"Message",Normal,"          P/Invoke 'solid_release' résolu en 'solid_release!StereoKitC' à partir de 'StereoKitC'."
"Message",Normal,"          P/Invoke 'solid_add_sphere' résolu en 'solid_add_sphere!StereoKitC' à partir de 'StereoKitC'."
"Message",Normal,"          P/Invoke 'solid_add_box' résolu en 'solid_add_box!StereoKitC' à partir de 'StereoKitC'."
"Message",Normal,"          P/Invoke 'solid_add_capsule' résolu en 'solid_add_capsule!StereoKitC' à partir de 'StereoKitC'."
"Message",Normal,"          P/Invoke 'solid_set_type' résolu en 'solid_set_type!StereoKitC' à partir de 'StereoKitC'."
"Message",Normal,"          P/Invoke 'solid_set_enabled' résolu en 'solid_set_enabled!StereoKitC' à partir de 'StereoKitC'."
"Message",Normal,"          P/Invoke 'solid_move' résolu en 'solid_move!StereoKitC' à partir de 'StereoKitC'."
"Message",Normal,"          P/Invoke 'solid_teleport' résolu en 'solid_teleport!StereoKitC' à partir de 'StereoKitC'."
"Message",Normal,"          P/Invoke 'solid_set_velocity' résolu en 'solid_set_velocity!StereoKitC' à partir de 'StereoKitC'."
"Message",Normal,"          P/Invoke 'solid_set_velocity_ang' résolu en 'solid_set_velocity_ang!StereoKitC' à partir de 'StereoKitC'."
"Message",Normal,"          P/Invoke 'solid_get_pose' résolu en 'solid_get_pose!StereoKitC' à partir de 'StereoKitC'."
"Message",Normal,"          P/Invoke 'model_find' résolu en 'model_find!StereoKitC' à partir de 'StereoKitC'."
"Message",Normal,"          P/Invoke 'model_copy' résolu en 'model_copy!StereoKitC' à partir de 'StereoKitC'."
"Message",Normal,"          P/Invoke 'model_create' résolu en 'model_create!StereoKitC' à partir de 'StereoKitC'."
"Message",Normal,"          P/Invoke 'model_create_mesh' résolu en 'model_create_mesh!StereoKitC' à partir de 'StereoKitC'."
"Message",Normal,"          P/Invoke 'model_create_mem' résolu en 'model_create_mem!StereoKitC' à partir de 'StereoKitC'."
"Message",Normal,"          P/Invoke 'model_create_file' résolu en 'model_create_file!StereoKitC' à partir de 'StereoKitC'."
"Message",Normal,"          P/Invoke 'model_set_id' résolu en 'model_set_id!StereoKitC' à partir de 'StereoKitC'."
"Message",Normal,"          P/Invoke 'model_addref' résolu en 'model_addref!StereoKitC' à partir de 'StereoKitC'."
"Message",Normal,"          P/Invoke 'model_release' résolu en 'model_release!StereoKitC' à partir de 'StereoKitC'."
"Message",Normal,"          P/Invoke 'model_get_name' résolu en 'model_get_name!StereoKitC' à partir de 'StereoKitC'."
"Message",Normal,"          P/Invoke 'model_get_material' résolu en 'model_get_material!StereoKitC' à partir de 'StereoKitC'."
"Message",Normal,"          P/Invoke 'model_get_mesh' résolu en 'model_get_mesh!StereoKitC' à partir de 'StereoKitC'."
"Message",Normal,"          P/Invoke 'model_get_transform' résolu en 'model_get_transform!StereoKitC' à partir de 'StereoKitC'."
"Message",Normal,"          P/Invoke 'model_set_material' résolu en 'model_set_material!StereoKitC' à partir de 'StereoKitC'."
"Message",Normal,"          P/Invoke 'model_set_mesh' résolu en 'model_set_mesh!StereoKitC' à partir de 'StereoKitC'."
"Message",Normal,"          P/Invoke 'model_set_transform' résolu en 'model_set_transform!StereoKitC' à partir de 'StereoKitC'."
"Message",Normal,"          P/Invoke 'model_remove_subset' résolu en 'model_remove_subset!StereoKitC' à partir de 'StereoKitC'."
"Message",Normal,"          P/Invoke 'model_add_subset' résolu en 'model_add_subset!StereoKitC' à partir de 'StereoKitC'."
"Message",Normal,"          P/Invoke 'model_add_named_subset' résolu en 'model_add_named_subset!StereoKitC' à partir de 'StereoKitC'."
"Message",Normal,"          P/Invoke 'model_subset_count' résolu en 'model_subset_count!StereoKitC' à partir de 'StereoKitC'."
"Message",Normal,"          P/Invoke 'model_recalculate_bounds' résolu en 'model_recalculate_bounds!StereoKitC' à partir de 'StereoKitC'."
"Message",Normal,"          P/Invoke 'model_set_bounds' résolu en 'model_set_bounds!StereoKitC' à partir de 'StereoKitC'."
"Message",Normal,"          P/Invoke 'model_get_bounds' résolu en 'model_get_bounds!StereoKitC' à partir de 'StereoKitC'."
"Message",Normal,"          P/Invoke 'model_ray_intersect' résolu en 'model_ray_intersect!StereoKitC' à partir de 'StereoKitC'."
"Message",Normal,"          P/Invoke 'model_step_anim' résolu en 'model_step_anim!StereoKitC' à partir de 'StereoKitC'."
"Message",Normal,"          P/Invoke 'model_play_anim' résolu en 'model_play_anim!StereoKitC' à partir de 'StereoKitC'."
"Message",Normal,"          P/Invoke 'model_play_anim_idx' résolu en 'model_play_anim_idx!StereoKitC' à partir de 'StereoKitC'."
"Message",Normal,"          P/Invoke 'model_set_anim_time' résolu en 'model_set_anim_time!StereoKitC' à partir de 'StereoKitC'."
"Message",Normal,"          P/Invoke 'model_set_anim_completion' résolu en 'model_set_anim_completion!StereoKitC' à partir de 'StereoKitC'."
"Message",Normal,"          P/Invoke 'model_anim_find' résolu en 'model_anim_find!StereoKitC' à partir de 'StereoKitC'."
"Message",Normal,"          P/Invoke 'model_anim_count' résolu en 'model_anim_count!StereoKitC' à partir de 'StereoKitC'."
"Message",Normal,"          P/Invoke 'model_anim_active' résolu en 'model_anim_active!StereoKitC' à partir de 'StereoKitC'."
"Message",Normal,"          P/Invoke 'model_anim_active_mode' résolu en 'model_anim_active_mode!StereoKitC' à partir de 'StereoKitC'."
"Message",Normal,"          P/Invoke 'model_anim_active_time' résolu en 'model_anim_active_time!StereoKitC' à partir de 'StereoKitC'."
"Message",Normal,"          P/Invoke 'model_anim_active_completion' résolu en 'model_anim_active_completion!StereoKitC' à partir de 'StereoKitC'."
"Message",Normal,"          P/Invoke 'model_anim_get_name' résolu en 'model_anim_get_name!StereoKitC' à partir de 'StereoKitC'."
"Message",Normal,"          P/Invoke 'model_anim_get_duration' résolu en 'model_anim_get_duration!StereoKitC' à partir de 'StereoKitC'."
"Message",Normal,"          P/Invoke 'model_node_add' résolu en 'model_node_add!StereoKitC' à partir de 'StereoKitC'."
"Message",Normal,"          P/Invoke 'model_node_add_child' résolu en 'model_node_add_child!StereoKitC' à partir de 'StereoKitC'."
"Message",Normal,"          P/Invoke 'model_node_find' résolu en 'model_node_find!StereoKitC' à partir de 'StereoKitC'."
"Message",Normal,"          P/Invoke 'model_node_sibling' résolu en 'model_node_sibling!StereoKitC' à partir de 'StereoKitC'."
"Message",Normal,"          P/Invoke 'model_node_parent' résolu en 'model_node_parent!StereoKitC' à partir de 'StereoKitC'."
"Message",Normal,"          P/Invoke 'model_node_child' résolu en 'model_node_child!StereoKitC' à partir de 'StereoKitC'."
"Message",Normal,"          P/Invoke 'model_node_count' résolu en 'model_node_count!StereoKitC' à partir de 'StereoKitC'."
"Message",Normal,"          P/Invoke 'model_node_index' résolu en 'model_node_index!StereoKitC' à partir de 'StereoKitC'."
"Message",Normal,"          P/Invoke 'model_node_visual_count' résolu en 'model_node_visual_count!StereoKitC' à partir de 'StereoKitC'."
"Message",Normal,"          P/Invoke 'model_node_visual_index' résolu en 'model_node_visual_index!StereoKitC' à partir de 'StereoKitC'."
"Message",Normal,"          P/Invoke 'model_node_iterate' résolu en 'model_node_iterate!StereoKitC' à partir de 'StereoKitC'."
"Message",Normal,"          P/Invoke 'model_node_get_root' résolu en 'model_node_get_root!StereoKitC' à partir de 'StereoKitC'."
"Message",Normal,"          P/Invoke 'model_node_get_name' résolu en 'model_node_get_name!StereoKitC' à partir de 'StereoKitC'."
"Message",Normal,"          P/Invoke 'model_node_get_solid' résolu en 'model_node_get_solid!StereoKitC' à partir de 'StereoKitC'."
"Message",Normal,"          P/Invoke 'model_node_get_visible' résolu en 'model_node_get_visible!StereoKitC' à partir de 'StereoKitC'."
"Message",Normal,"          P/Invoke 'model_node_get_material' résolu en 'model_node_get_material!StereoKitC' à partir de 'StereoKitC'."
"Message",Normal,"          P/Invoke 'model_node_get_mesh' résolu en 'model_node_get_mesh!StereoKitC' à partir de 'StereoKitC'."
"Message",Normal,"          P/Invoke 'model_node_get_transform_model' résolu en 'model_node_get_transform_model!StereoKitC' à partir de 'StereoKitC'."
"Message",Normal,"          P/Invoke 'model_node_get_transform_local' résolu en 'model_node_get_transform_local!StereoKitC' à partir de 'StereoKitC'."
"Message",Normal,"          P/Invoke 'model_node_set_name' résolu en 'model_node_set_name!StereoKitC' à partir de 'StereoKitC'."
"Message",Normal,"          P/Invoke 'model_node_set_solid' résolu en 'model_node_set_solid!StereoKitC' à partir de 'StereoKitC'."
"Message",Normal,"          P/Invoke 'model_node_set_visible' résolu en 'model_node_set_visible!StereoKitC' à partir de 'StereoKitC'."
"Message",Normal,"          P/Invoke 'model_node_set_material' résolu en 'model_node_set_material!StereoKitC' à partir de 'StereoKitC'."
"Message",Normal,"          P/Invoke 'model_node_set_mesh' résolu en 'model_node_set_mesh!StereoKitC' à partir de 'StereoKitC'."
"Message",Normal,"          P/Invoke 'model_node_set_transform_model' résolu en 'model_node_set_transform_model!StereoKitC' à partir de 'StereoKitC'."
"Message",Normal,"          P/Invoke 'model_node_set_transform_local' résolu en 'model_node_set_transform_local!StereoKitC' à partir de 'StereoKitC'."
"Message",Normal,"          P/Invoke 'sprite_create' résolu en 'sprite_create!StereoKitC' à partir de 'StereoKitC'."
"Message",Normal,"          P/Invoke 'sprite_create_file' résolu en 'sprite_create_file!StereoKitC' à partir de 'StereoKitC'."
"Message",Normal,"          P/Invoke 'sprite_set_id' résolu en 'sprite_set_id!StereoKitC' à partir de 'StereoKitC'."
"Message",Normal,"          P/Invoke 'sprite_release' résolu en 'sprite_release!StereoKitC' à partir de 'StereoKitC'."
"Message",Normal,"          P/Invoke 'sprite_get_aspect' résolu en 'sprite_get_aspect!StereoKitC' à partir de 'StereoKitC'."
"Message",Normal,"          P/Invoke 'sprite_draw' résolu en 'sprite_draw!StereoKitC' à partir de 'StereoKitC'."
"Message",Normal,"          P/Invoke 'sprite_draw_at' résolu en 'sprite_draw_at!StereoKitC' à partir de 'StereoKitC'."
"Message",Normal,"          P/Invoke 'sprite_get_width' résolu en 'sprite_get_width!StereoKitC' à partir de 'StereoKitC'."
"Message",Normal,"          P/Invoke 'sprite_get_height' résolu en 'sprite_get_height!StereoKitC' à partir de 'StereoKitC'."
"Message",Normal,"          P/Invoke 'sprite_get_dimensions_normalized' résolu en 'sprite_get_dimensions_normalized!StereoKitC' à partir de 'StereoKitC'."
"Message",Normal,"          P/Invoke 'line_add' résolu en 'line_add!StereoKitC' à partir de 'StereoKitC'."
"Message",Normal,"          P/Invoke 'line_add_listv' résolu en 'line_add_listv!StereoKitC' à partir de 'StereoKitC'."
"Message",Normal,"          P/Invoke 'render_set_clip' résolu en 'render_set_clip!StereoKitC' à partir de 'StereoKitC'."
"Message",Normal,"          P/Invoke 'render_set_fov' résolu en 'render_set_fov!StereoKitC' à partir de 'StereoKitC'."
"Message",Normal,"          P/Invoke 'render_set_ortho_clip' résolu en 'render_set_ortho_clip!StereoKitC' à partir de 'StereoKitC'."
"Message",Normal,"          P/Invoke 'render_set_ortho_size' résolu en 'render_set_ortho_size!StereoKitC' à partir de 'StereoKitC'."
"Message",Normal,"          P/Invoke 'render_set_projection' résolu en 'render_set_projection!StereoKitC' à partir de 'StereoKitC'."
"Message",Normal,"          P/Invoke 'render_get_projection' résolu en 'render_get_projection!StereoKitC' à partir de 'StereoKitC'."
"Message",Normal,"          P/Invoke 'render_get_cam_root' résolu en 'render_get_cam_root!StereoKitC' à partir de 'StereoKitC'."
"Message",Normal,"          P/Invoke 'render_set_cam_root' résolu en 'render_set_cam_root!StereoKitC' à partir de 'StereoKitC'."
"Message",Normal,"          P/Invoke 'render_set_skytex' résolu en 'render_set_skytex!StereoKitC' à partir de 'StereoKitC'."
"Message",Normal,"          P/Invoke 'render_get_skytex' résolu en 'render_get_skytex!StereoKitC' à partir de 'StereoKitC'."
"Message",Normal,"          P/Invoke 'render_set_skylight' résolu en 'render_set_skylight!StereoKitC' à partir de 'StereoKitC'."
"Message",Normal,"          P/Invoke 'render_get_filter' résolu en 'render_get_filter!StereoKitC' à partir de 'StereoKitC'."
"Message",Normal,"          P/Invoke 'render_set_filter' résolu en 'render_set_filter!StereoKitC' à partir de 'StereoKitC'."
"Message",Normal,"          P/Invoke 'render_override_capture_filter' résolu en 'render_override_capture_filter!StereoKitC' à partir de 'StereoKitC'."
"Message",Normal,"          P/Invoke 'render_get_capture_filter' résolu en 'render_get_capture_filter!StereoKitC' à partir de 'StereoKitC'."
"Message",Normal,"          P/Invoke 'render_has_capture_filter' résolu en 'render_has_capture_filter!StereoKitC' à partir de 'StereoKitC'."
"Message",Normal,"          P/Invoke 'render_get_skylight' résolu en 'render_get_skylight!StereoKitC' à partir de 'StereoKitC'."
"Message",Normal,"          P/Invoke 'render_set_clear_color' résolu en 'render_set_clear_color!StereoKitC' à partir de 'StereoKitC'."
"Message",Normal,"          P/Invoke 'render_get_clear_color' résolu en 'render_get_clear_color!StereoKitC' à partir de 'StereoKitC'."
"Message",Normal,"          P/Invoke 'render_enable_skytex' résolu en 'render_enable_skytex!StereoKitC' à partir de 'StereoKitC'."
"Message",Normal,"          P/Invoke 'render_enabled_skytex' résolu en 'render_enabled_skytex!StereoKitC' à partir de 'StereoKitC'."
"Message",Normal,"          P/Invoke 'render_add_mesh' résolu en 'render_add_mesh!StereoKitC' à partir de 'StereoKitC'."
"Message",Normal,"          P/Invoke 'render_add_model' résolu en 'render_add_model!StereoKitC' à partir de 'StereoKitC'."
"Message",Normal,"          P/Invoke 'render_blit' résolu en 'render_blit!StereoKitC' à partir de 'StereoKitC'."
"Message",Normal,"          P/Invoke 'render_screenshot' résolu en 'render_screenshot!StereoKitC' à partir de 'StereoKitC'."
"Message",Normal,"          P/Invoke 'render_to' résolu en 'render_to!StereoKitC' à partir de 'StereoKitC'."
"Message",Normal,"          P/Invoke 'hierarchy_push' résolu en 'hierarchy_push!StereoKitC' à partir de 'StereoKitC'."
"Message",Normal,"          P/Invoke 'hierarchy_pop' résolu en 'hierarchy_pop!StereoKitC' à partir de 'StereoKitC'."
"Message",Normal,"          P/Invoke 'hierarchy_set_enabled' résolu en 'hierarchy_set_enabled!StereoKitC' à partir de 'StereoKitC'."
"Message",Normal,"          P/Invoke 'hierarchy_is_enabled' résolu en 'hierarchy_is_enabled!StereoKitC' à partir de 'StereoKitC'."
"Message",Normal,"          P/Invoke 'hierarchy_to_local_point' résolu en 'hierarchy_to_local_point!StereoKitC' à partir de 'StereoKitC'."
"Message",Normal,"          P/Invoke 'hierarchy_to_local_direction' résolu en 'hierarchy_to_local_direction!StereoKitC' à partir de 'StereoKitC'."
"Message",Normal,"          P/Invoke 'hierarchy_to_local_rotation' résolu en 'hierarchy_to_local_rotation!StereoKitC' à partir de 'StereoKitC'."
"Message",Normal,"          P/Invoke 'hierarchy_to_local_pose' résolu en 'hierarchy_to_local_pose!StereoKitC' à partir de 'StereoKitC'."
"Message",Normal,"          P/Invoke 'hierarchy_to_world_point' résolu en 'hierarchy_to_world_point!StereoKitC' à partir de 'StereoKitC'."
"Message",Normal,"          P/Invoke 'hierarchy_to_world_direction' résolu en 'hierarchy_to_world_direction!StereoKitC' à partir de 'StereoKitC'."
"Message",Normal,"          P/Invoke 'hierarchy_to_world_rotation' résolu en 'hierarchy_to_world_rotation!StereoKitC' à partir de 'StereoKitC'."
"Message",Normal,"          P/Invoke 'hierarchy_to_world_pose' résolu en 'hierarchy_to_world_pose!StereoKitC' à partir de 'StereoKitC'."
"Message",Normal,"          P/Invoke 'sound_find' résolu en 'sound_find!StereoKitC' à partir de 'StereoKitC'."
"Message",Normal,"          P/Invoke 'sound_set_id' résolu en 'sound_set_id!StereoKitC' à partir de 'StereoKitC'."
"Message",Normal,"          P/Invoke 'sound_create' résolu en 'sound_create!StereoKitC' à partir de 'StereoKitC'."
"Message",Normal,"          P/Invoke 'sound_create_stream' résolu en 'sound_create_stream!StereoKitC' à partir de 'StereoKitC'."
"Message",Normal,"          P/Invoke 'sound_create_samples' résolu en 'sound_create_samples!StereoKitC' à partir de 'StereoKitC'."
"Message",Normal,"          P/Invoke 'sound_generate' résolu en 'sound_generate!StereoKitC' à partir de 'StereoKitC'."
"Message",Normal,"          P/Invoke 'sound_write_samples' résolu en 'sound_write_samples!StereoKitC' à partir de 'StereoKitC'."
"Message",Normal,"          P/Invoke 'sound_read_samples' résolu en 'sound_read_samples!StereoKitC' à partir de 'StereoKitC'."
"Message",Normal,"          P/Invoke 'sound_unread_samples' résolu en 'sound_unread_samples!StereoKitC' à partir de 'StereoKitC'."
"Message",Normal,"          P/Invoke 'sound_total_samples' résolu en 'sound_total_samples!StereoKitC' à partir de 'StereoKitC'."
"Message",Normal,"          P/Invoke 'sound_cursor_samples' résolu en 'sound_cursor_samples!StereoKitC' à partir de 'StereoKitC'."
"Message",Normal,"          P/Invoke 'sound_play' résolu en 'sound_play!StereoKitC' à partir de 'StereoKitC'."
"Message",Normal,"          P/Invoke 'sound_duration' résolu en 'sound_duration!StereoKitC' à partir de 'StereoKitC'."
"Message",Normal,"          P/Invoke 'sound_release' résolu en 'sound_release!StereoKitC' à partir de 'StereoKitC'."
"Message",Normal,"          P/Invoke 'sound_inst_stop' résolu en 'sound_inst_stop!StereoKitC' à partir de 'StereoKitC'."
"Message",Normal,"          P/Invoke 'sound_inst_is_playing' résolu en 'sound_inst_is_playing!StereoKitC' à partir de 'StereoKitC'."
"Message",Normal,"          P/Invoke 'sound_inst_set_pos' résolu en 'sound_inst_set_pos!StereoKitC' à partir de 'StereoKitC'."
"Message",Normal,"          P/Invoke 'sound_inst_get_pos' résolu en 'sound_inst_get_pos!StereoKitC' à partir de 'StereoKitC'."
"Message",Normal,"          P/Invoke 'sound_inst_set_volume' résolu en 'sound_inst_set_volume!StereoKitC' à partir de 'StereoKitC'."
"Message",Normal,"          P/Invoke 'sound_inst_get_volume' résolu en 'sound_inst_get_volume!StereoKitC' à partir de 'StereoKitC'."
"Message",Normal,"          P/Invoke 'mic_device_count' résolu en 'mic_device_count!StereoKitC' à partir de 'StereoKitC'."
"Message",Normal,"          P/Invoke 'mic_device_name' résolu en 'mic_device_name!StereoKitC' à partir de 'StereoKitC'."
"Message",Normal,"          P/Invoke 'mic_start' résolu en 'mic_start!StereoKitC' à partir de 'StereoKitC'."
"Message",Normal,"          P/Invoke 'mic_stop' résolu en 'mic_stop!StereoKitC' à partir de 'StereoKitC'."
"Message",Normal,"          P/Invoke 'mic_get_stream' résolu en 'mic_get_stream!StereoKitC' à partir de 'StereoKitC'."
"Message",Normal,"          P/Invoke 'mic_is_recording' résolu en 'mic_is_recording!StereoKitC' à partir de 'StereoKitC'."
"Message",Normal,"          P/Invoke 'platform_file_picker_sz' résolu en 'platform_file_picker_sz!StereoKitC' à partir de 'StereoKitC'."
"Message",Normal,"          P/Invoke 'platform_file_picker_close' résolu en 'platform_file_picker_close!StereoKitC' à partir de 'StereoKitC'."
"Message",Normal,"          P/Invoke 'platform_file_picker_visible' résolu en 'platform_file_picker_visible!StereoKitC' à partir de 'StereoKitC'."
"Message",Normal,"          P/Invoke 'platform_read_file' résolu en 'platform_read_file!StereoKitC' à partir de 'StereoKitC'."
"Message",Normal,"          P/Invoke 'platform_write_file' résolu en 'platform_write_file!StereoKitC' à partir de 'StereoKitC'."
"Message",Normal,"          P/Invoke 'platform_keyboard_get_force_fallback' résolu en 'platform_keyboard_get_force_fallback!StereoKitC' à partir de 'StereoKitC'."
"Message",Normal,"          P/Invoke 'platform_keyboard_set_force_fallback' résolu en 'platform_keyboard_set_force_fallback!StereoKitC' à partir de 'StereoKitC'."
"Message",Normal,"          P/Invoke 'platform_keyboard_visible' résolu en 'platform_keyboard_visible!StereoKitC' à partir de 'StereoKitC'."
"Message",Normal,"          P/Invoke 'platform_keyboard_show' résolu en 'platform_keyboard_show!StereoKitC' à partir de 'StereoKitC'."
"Message",Normal,"          P/Invoke 'input_pointer_count' résolu en 'input_pointer_count!StereoKitC' à partir de 'StereoKitC'."
"Message",Normal,"          P/Invoke 'input_pointer' résolu en 'input_pointer!StereoKitC' à partir de 'StereoKitC'."
"Message",Normal,"          P/Invoke 'input_hand' résolu en 'input_hand!StereoKitC' à partir de 'StereoKitC'."
"Message",Normal,"          P/Invoke 'input_controller' résolu en 'input_controller!StereoKitC' à partir de 'StereoKitC'."
"Message",Normal,"          P/Invoke 'input_controller_menu' résolu en 'input_controller_menu!StereoKitC' à partir de 'StereoKitC'."
"Message",Normal,"          P/Invoke 'input_hand_override' résolu en 'input_hand_override!StereoKitC' à partir de 'StereoKitC'."
"Message",Normal,"          P/Invoke 'input_hand_override' résolu en 'input_hand_override!StereoKitC' à partir de 'StereoKitC'."
"Message",Normal,"          P/Invoke 'input_mouse' résolu en 'input_mouse!StereoKitC' à partir de 'StereoKitC'."
"Message",Normal,"          P/Invoke 'input_head' résolu en 'input_head!StereoKitC' à partir de 'StereoKitC'."
"Message",Normal,"          P/Invoke 'input_eyes' résolu en 'input_eyes!StereoKitC' à partir de 'StereoKitC'."
"Message",Normal,"          P/Invoke 'input_eyes_tracked' résolu en 'input_eyes_tracked!StereoKitC' à partir de 'StereoKitC'."
"Message",Normal,"          P/Invoke 'input_key' résolu en 'input_key!StereoKitC' à partir de 'StereoKitC'."
"Message",Normal,"          P/Invoke 'input_text_consume' résolu en 'input_text_consume!StereoKitC' à partir de 'StereoKitC'."
"Message",Normal,"          P/Invoke 'input_text_reset' résolu en 'input_text_reset!StereoKitC' à partir de 'StereoKitC'."
"Message",Normal,"          P/Invoke 'input_hand_visible' résolu en 'input_hand_visible!StereoKitC' à partir de 'StereoKitC'."
"Message",Normal,"          P/Invoke 'input_hand_solid' résolu en 'input_hand_solid!StereoKitC' à partir de 'StereoKitC'."
"Message",Normal,"          P/Invoke 'input_hand_material' résolu en 'input_hand_material!StereoKitC' à partir de 'StereoKitC'."
"Message",Normal,"          P/Invoke 'world_has_bounds' résolu en 'world_has_bounds!StereoKitC' à partir de 'StereoKitC'."
"Message",Normal,"          P/Invoke 'world_get_bounds_size' résolu en 'world_get_bounds_size!StereoKitC' à partir de 'StereoKitC'."
"Message",Normal,"          P/Invoke 'world_get_bounds_pose' résolu en 'world_get_bounds_pose!StereoKitC' à partir de 'StereoKitC'."
"Message",Normal,"          P/Invoke 'world_from_spatial_graph' résolu en 'world_from_spatial_graph!StereoKitC' à partir de 'StereoKitC'."
"Message",Normal,"          P/Invoke 'world_from_perception_anchor' résolu en 'world_from_perception_anchor!StereoKitC' à partir de 'StereoKitC'."
"Message",Normal,"          P/Invoke 'world_try_from_spatial_graph' résolu en 'world_try_from_spatial_graph!StereoKitC' à partir de 'StereoKitC'."
"Message",Normal,"          P/Invoke 'world_try_from_perception_anchor' résolu en 'world_try_from_perception_anchor!StereoKitC' à partir de 'StereoKitC'."
"Message",Normal,"          P/Invoke 'world_raycast' résolu en 'world_raycast!StereoKitC' à partir de 'StereoKitC'."
"Message",Normal,"          P/Invoke 'world_set_occlusion_enabled' résolu en 'world_set_occlusion_enabled!StereoKitC' à partir de 'StereoKitC'."
"Message",Normal,"          P/Invoke 'world_get_occlusion_enabled' résolu en 'world_get_occlusion_enabled!StereoKitC' à partir de 'StereoKitC'."
"Message",Normal,"          P/Invoke 'world_set_raycast_enabled' résolu en 'world_set_raycast_enabled!StereoKitC' à partir de 'StereoKitC'."
"Message",Normal,"          P/Invoke 'world_get_raycast_enabled' résolu en 'world_get_raycast_enabled!StereoKitC' à partir de 'StereoKitC'."
"Message",Normal,"          P/Invoke 'world_set_occlusion_material' résolu en 'world_set_occlusion_material!StereoKitC' à partir de 'StereoKitC'."
"Message",Normal,"          P/Invoke 'world_get_occlusion_material' résolu en 'world_get_occlusion_material!StereoKitC' à partir de 'StereoKitC'."
"Message",Normal,"          P/Invoke 'world_set_refresh_type' résolu en 'world_set_refresh_type!StereoKitC' à partir de 'StereoKitC'."
"Message",Normal,"          P/Invoke 'world_get_refresh_type' résolu en 'world_get_refresh_type!StereoKitC' à partir de 'StereoKitC'."
"Message",Normal,"          P/Invoke 'world_set_refresh_radius' résolu en 'world_set_refresh_radius!StereoKitC' à partir de 'StereoKitC'."
"Message",Normal,"          P/Invoke 'world_get_refresh_radius' résolu en 'world_get_refresh_radius!StereoKitC' à partir de 'StereoKitC'."
"Message",Normal,"          P/Invoke 'world_set_refresh_interval' résolu en 'world_set_refresh_interval!StereoKitC' à partir de 'StereoKitC'."
"Message",Normal,"          P/Invoke 'world_get_refresh_interval' résolu en 'world_get_refresh_interval!StereoKitC' à partir de 'StereoKitC'."
"Message",Normal,"          P/Invoke 'input_subscribe' résolu en 'input_subscribe!StereoKitC' à partir de 'StereoKitC'."
"Message",Normal,"          P/Invoke 'input_unsubscribe' résolu en 'input_unsubscribe!StereoKitC' à partir de 'StereoKitC'."
"Message",Normal,"          P/Invoke 'input_fire_event' résolu en 'input_fire_event!StereoKitC' à partir de 'StereoKitC'."
"Message",Normal,"          P/Invoke 'backend_xr_get_type' résolu en 'backend_xr_get_type!StereoKitC' à partir de 'StereoKitC'."
"Message",Normal,"          P/Invoke 'backend_openxr_get_instance' résolu en 'backend_openxr_get_instance!StereoKitC' à partir de 'StereoKitC'."
"Message",Normal,"          P/Invoke 'backend_openxr_get_session' résolu en 'backend_openxr_get_session!StereoKitC' à partir de 'StereoKitC'."
"Message",Normal,"          P/Invoke 'backend_openxr_get_space' résolu en 'backend_openxr_get_space!StereoKitC' à partir de 'StereoKitC'."
"Message",Normal,"          P/Invoke 'backend_openxr_get_time' résolu en 'backend_openxr_get_time!StereoKitC' à partir de 'StereoKitC'."
"Message",Normal,"          P/Invoke 'backend_openxr_get_eyes_sample_time' résolu en 'backend_openxr_get_eyes_sample_time!StereoKitC' à partir de 'StereoKitC'."
"Message",Normal,"          P/Invoke 'backend_openxr_get_function' résolu en 'backend_openxr_get_function!StereoKitC' à partir de 'StereoKitC'."
"Message",Normal,"          P/Invoke 'backend_openxr_ext_enabled' résolu en 'backend_openxr_ext_enabled!StereoKitC' à partir de 'StereoKitC'."
"Message",Normal,"          P/Invoke 'backend_openxr_ext_request' résolu en 'backend_openxr_ext_request!StereoKitC' à partir de 'StereoKitC'."
"Message",Normal,"          P/Invoke 'backend_openxr_composition_layer' résolu en 'backend_openxr_composition_layer!StereoKitC' à partir de 'StereoKitC'."
"Message",Normal,"          P/Invoke 'backend_platform_get' résolu en 'backend_platform_get!StereoKitC' à partir de 'StereoKitC'."
"Message",Normal,"          P/Invoke 'backend_android_get_java_vm' résolu en 'backend_android_get_java_vm!StereoKitC' à partir de 'StereoKitC'."
"Message",Normal,"          P/Invoke 'backend_android_get_activity' résolu en 'backend_android_get_activity!StereoKitC' à partir de 'StereoKitC'."
"Message",Normal,"          P/Invoke 'backend_android_get_jni_env' résolu en 'backend_android_get_jni_env!StereoKitC' à partir de 'StereoKitC'."
"Message",Normal,"          P/Invoke 'backend_graphics_get' résolu en 'backend_graphics_get!StereoKitC' à partir de 'StereoKitC'."
"Message",Normal,"          P/Invoke 'backend_d3d11_get_d3d_device' résolu en 'backend_d3d11_get_d3d_device!StereoKitC' à partir de 'StereoKitC'."
"Message",Normal,"          P/Invoke 'backend_d3d11_get_d3d_context' résolu en 'backend_d3d11_get_d3d_context!StereoKitC' à partir de 'StereoKitC'."
"Message",Normal,"          P/Invoke 'log_write' résolu en 'log_write!StereoKitC' à partir de 'StereoKitC'."
"Message",Normal,"          P/Invoke 'log_set_filter' résolu en 'log_set_filter!StereoKitC' à partir de 'StereoKitC'."
"Message",Normal,"          P/Invoke 'log_subscribe' résolu en 'log_subscribe!StereoKitC' à partir de 'StereoKitC'."
"Message",Normal,"          P/Invoke 'log_unsubscribe' résolu en 'log_unsubscribe!StereoKitC' à partir de 'StereoKitC'."
"Message",Normal,"          P/Invoke 'assets_releaseref_threadsafe' résolu en 'assets_releaseref_threadsafe!StereoKitC' à partir de 'StereoKitC'."
"Message",Normal,"          P/Invoke 'assets_current_task' résolu en 'assets_current_task!StereoKitC' à partir de 'StereoKitC'."
"Message",Normal,"          P/Invoke 'assets_total_tasks' résolu en 'assets_total_tasks!StereoKitC' à partir de 'StereoKitC'."
"Message",Normal,"          P/Invoke 'assets_current_task_priority' résolu en 'assets_current_task_priority!StereoKitC' à partir de 'StereoKitC'."
"Message",Normal,"          P/Invoke 'assets_block_for_priority' résolu en 'assets_block_for_priority!StereoKitC' à partir de 'StereoKitC'."
"Message",Normal,"          P/Invoke 'ui_quadrant_size_verts' résolu en 'ui_quadrant_size_verts!StereoKitC' à partir de 'StereoKitC'."
"Message",Normal,"          P/Invoke 'ui_quadrant_size_mesh' résolu en 'ui_quadrant_size_mesh!StereoKitC' à partir de 'StereoKitC'."
"Message",Normal,"          P/Invoke 'ui_show_volumes' résolu en 'ui_show_volumes!StereoKitC' à partir de 'StereoKitC'."
"Message",Normal,"          P/Invoke 'ui_enable_far_interact' résolu en 'ui_enable_far_interact!StereoKitC' à partir de 'StereoKitC'."
"Message",Normal,"          P/Invoke 'ui_far_interact_enabled' résolu en 'ui_far_interact_enabled!StereoKitC' à partir de 'StereoKitC'."
"Message",Normal,"          P/Invoke 'ui_settings' résolu en 'ui_settings!StereoKitC' à partir de 'StereoKitC'."
"Message",Normal,"          P/Invoke 'ui_set_color' résolu en 'ui_set_color!StereoKitC' à partir de 'StereoKitC'."
"Message",Normal,"          P/Invoke 'ui_set_theme_color' résolu en 'ui_set_theme_color!StereoKitC' à partir de 'StereoKitC'."
"Message",Normal,"          P/Invoke 'ui_get_theme_color' résolu en 'ui_get_theme_color!StereoKitC' à partir de 'StereoKitC'."
"Message",Normal,"          P/Invoke 'ui_set_element_visual' résolu en 'ui_set_element_visual!StereoKitC' à partir de 'StereoKitC'."
"Message",Normal,"          P/Invoke 'ui_push_text_style' résolu en 'ui_push_text_style!StereoKitC' à partir de 'StereoKitC'."
"Message",Normal,"          P/Invoke 'ui_pop_text_style' résolu en 'ui_pop_text_style!StereoKitC' à partir de 'StereoKitC'."
"Message",Normal,"          P/Invoke 'ui_push_tint' résolu en 'ui_push_tint!StereoKitC' à partir de 'StereoKitC'."
"Message",Normal,"          P/Invoke 'ui_pop_tint' résolu en 'ui_pop_tint!StereoKitC' à partir de 'StereoKitC'."
"Message",Normal,"          P/Invoke 'ui_push_enabled' résolu en 'ui_push_enabled!StereoKitC' à partir de 'StereoKitC'."
"Message",Normal,"          P/Invoke 'ui_pop_enabled' résolu en 'ui_pop_enabled!StereoKitC' à partir de 'StereoKitC'."
"Message",Normal,"          P/Invoke 'ui_push_preserve_keyboard' résolu en 'ui_push_preserve_keyboard!StereoKitC' à partir de 'StereoKitC'."
"Message",Normal,"          P/Invoke 'ui_pop_preserve_keyboard' résolu en 'ui_pop_preserve_keyboard!StereoKitC' à partir de 'StereoKitC'."
"Message",Normal,"          P/Invoke 'ui_push_surface' résolu en 'ui_push_surface!StereoKitC' à partir de 'StereoKitC'."
"Message",Normal,"          P/Invoke 'ui_pop_surface' résolu en 'ui_pop_surface!StereoKitC' à partir de 'StereoKitC'."
"Message",Normal,"          P/Invoke 'ui_push_id_16' résolu en 'ui_push_id_16!StereoKitC' à partir de 'StereoKitC'."
"Message",Normal,"          P/Invoke 'ui_push_idi' résolu en 'ui_push_idi!StereoKitC' à partir de 'StereoKitC'."
"Message",Normal,"          P/Invoke 'ui_pop_id' résolu en 'ui_pop_id!StereoKitC' à partir de 'StereoKitC'."
"Message",Normal,"          P/Invoke 'ui_stack_hash_16' résolu en 'ui_stack_hash_16!StereoKitC' à partir de 'StereoKitC'."
"Message",Normal,"          P/Invoke 'ui_layout_area' résolu en 'ui_layout_area!StereoKitC' à partir de 'StereoKitC'."
"Message",Normal,"          P/Invoke 'ui_layout_remaining' résolu en 'ui_layout_remaining!StereoKitC' à partir de 'StereoKitC'."
"Message",Normal,"          P/Invoke 'ui_layout_at' résolu en 'ui_layout_at!StereoKitC' à partir de 'StereoKitC'."
"Message",Normal,"          P/Invoke 'ui_layout_last' résolu en 'ui_layout_last!StereoKitC' à partir de 'StereoKitC'."
"Message",Normal,"          P/Invoke 'ui_layout_reserve' résolu en 'ui_layout_reserve!StereoKitC' à partir de 'StereoKitC'."
"Message",Normal,"          P/Invoke 'ui_last_element_hand_used' résolu en 'ui_last_element_hand_used!StereoKitC' à partir de 'StereoKitC'."
"Message",Normal,"          P/Invoke 'ui_last_element_active' résolu en 'ui_last_element_active!StereoKitC' à partir de 'StereoKitC'."
"Message",Normal,"          P/Invoke 'ui_last_element_focused' résolu en 'ui_last_element_focused!StereoKitC' à partir de 'StereoKitC'."
"Message",Normal,"          P/Invoke 'ui_area_remaining' résolu en 'ui_area_remaining!StereoKitC' à partir de 'StereoKitC'."
"Message",Normal,"          P/Invoke 'ui_nextline' résolu en 'ui_nextline!StereoKitC' à partir de 'StereoKitC'."
"Message",Normal,"          P/Invoke 'ui_sameline' résolu en 'ui_sameline!StereoKitC' à partir de 'StereoKitC'."
"Message",Normal,"          P/Invoke 'ui_line_height' résolu en 'ui_line_height!StereoKitC' à partir de 'StereoKitC'."
"Message",Normal,"          P/Invoke 'ui_space' résolu en 'ui_space!StereoKitC' à partir de 'StereoKitC'."
"Message",Normal,"          P/Invoke 'ui_is_interacting' résolu en 'ui_is_interacting!StereoKitC' à partir de 'StereoKitC'."
"Message",Normal,"          P/Invoke 'ui_button_behavior' résolu en 'ui_button_behavior!StereoKitC' à partir de 'StereoKitC'."
"Message",Normal,"          P/Invoke 'ui_volumei_at_16' résolu en 'ui_volumei_at_16!StereoKitC' à partir de 'StereoKitC'."
"Message",Normal,"          P/Invoke 'ui_volumei_at_16' résolu en 'ui_volumei_at_16!StereoKitC' à partir de 'StereoKitC'."
"Message",Normal,"          P/Invoke 'ui_volumei_at_16' résolu en 'ui_volumei_at_16!StereoKitC' à partir de 'StereoKitC'."
"Message",Normal,"          P/Invoke 'ui_volume_at_16' résolu en 'ui_volume_at_16!StereoKitC' à partir de 'StereoKitC'."
"Message",Normal,"          P/Invoke 'ui_interact_volume_at' résolu en 'ui_interact_volume_at!StereoKitC' à partir de 'StereoKitC'."
"Message",Normal,"          P/Invoke 'ui_button_at_16' résolu en 'ui_button_at_16!StereoKitC' à partir de 'StereoKitC'."
"Message",Normal,"          P/Invoke 'ui_button_img_16' résolu en 'ui_button_img_16!StereoKitC' à partir de 'StereoKitC'."
"Message",Normal,"          P/Invoke 'ui_button_round_at_16' résolu en 'ui_button_round_at_16!StereoKitC' à partir de 'StereoKitC'."
"Message",Normal,"          P/Invoke 'ui_toggle_at_16' résolu en 'ui_toggle_at_16!StereoKitC' à partir de 'StereoKitC'."
"Message",Normal,"          P/Invoke 'ui_progress_bar_at' résolu en 'ui_progress_bar_at!StereoKitC' à partir de 'StereoKitC'."
"Message",Normal,"          P/Invoke 'ui_hslider_at_16' résolu en 'ui_hslider_at_16!StereoKitC' à partir de 'StereoKitC'."
"Message",Normal,"          P/Invoke 'ui_hslider_at_f64_16' résolu en 'ui_hslider_at_f64_16!StereoKitC' à partir de 'StereoKitC'."
"Message",Normal,"          P/Invoke 'ui_hseparator' résolu en 'ui_hseparator!StereoKitC' à partir de 'StereoKitC'."
"Message",Normal,"          P/Invoke 'ui_label_16' résolu en 'ui_label_16!StereoKitC' à partir de 'StereoKitC'."
"Message",Normal,"          P/Invoke 'ui_label_sz_16' résolu en 'ui_label_sz_16!StereoKitC' à partir de 'StereoKitC'."
"Message",Normal,"          P/Invoke 'ui_text_16' résolu en 'ui_text_16!StereoKitC' à partir de 'StereoKitC'."
"Message",Normal,"          P/Invoke 'ui_image' résolu en 'ui_image!StereoKitC' à partir de 'StereoKitC'."
"Message",Normal,"          P/Invoke 'ui_button_16' résolu en 'ui_button_16!StereoKitC' à partir de 'StereoKitC'."
"Message",Normal,"          P/Invoke 'ui_button_sz_16' résolu en 'ui_button_sz_16!StereoKitC' à partir de 'StereoKitC'."
"Message",Normal,"          P/Invoke 'ui_button_img_16' résolu en 'ui_button_img_16!StereoKitC' à partir de 'StereoKitC'."
"Message",Normal,"          P/Invoke 'ui_button_img_sz_16' résolu en 'ui_button_img_sz_16!StereoKitC' à partir de 'StereoKitC'."
"Message",Normal,"          P/Invoke 'ui_button_round_16' résolu en 'ui_button_round_16!StereoKitC' à partir de 'StereoKitC'."
"Message",Normal,"          P/Invoke 'ui_toggle_16' résolu en 'ui_toggle_16!StereoKitC' à partir de 'StereoKitC'."
"Message",Normal,"          P/Invoke 'ui_toggle_sz_16' résolu en 'ui_toggle_sz_16!StereoKitC' à partir de 'StereoKitC'."
"Message",Normal,"          P/Invoke 'ui_model' résolu en 'ui_model!StereoKitC' à partir de 'StereoKitC'."
"Message",Normal,"          P/Invoke 'ui_input_16' résolu en 'ui_input_16!StereoKitC' à partir de 'StereoKitC'."
"Message",Normal,"          P/Invoke 'ui_progress_bar' résolu en 'ui_progress_bar!StereoKitC' à partir de 'StereoKitC'."
"Message",Normal,"          P/Invoke 'ui_hslider_16' résolu en 'ui_hslider_16!StereoKitC' à partir de 'StereoKitC'."
"Message",Normal,"          P/Invoke 'ui_hslider_f64_16' résolu en 'ui_hslider_f64_16!StereoKitC' à partir de 'StereoKitC'."
"Message",Normal,"          P/Invoke 'ui_handle_begin_16' résolu en 'ui_handle_begin_16!StereoKitC' à partir de 'StereoKitC'."
"Message",Normal,"          P/Invoke 'ui_handle_end' résolu en 'ui_handle_end!StereoKitC' à partir de 'StereoKitC'."
"Message",Normal,"          P/Invoke 'ui_window_begin_16' résolu en 'ui_window_begin_16!StereoKitC' à partir de 'StereoKitC'."
"Message",Normal,"          P/Invoke 'ui_window_end' résolu en 'ui_window_end!StereoKitC' à partir de 'StereoKitC'."
"Message",Normal,"          P/Invoke 'ui_panel_at' résolu en 'ui_panel_at!StereoKitC' à partir de 'StereoKitC'."
"Message",Normal,"          P/Invoke 'ui_panel_begin' résolu en 'ui_panel_begin!StereoKitC' à partir de 'StereoKitC'."
"Message",Normal,"          P/Invoke 'ui_panel_end' résolu en 'ui_panel_end!StereoKitC' à partir de 'StereoKitC'."
"Message",Normal,"          P/Invoke 'LoadLibraryW' résolu en 'LoadLibraryW!kernel32' à partir de 'SupportedAPIs.xml'."
"Warning",,0,0,"      MCG : warning MCG0007: Méthode P/Invoke non résolue 'dl!dlopen' pour la méthode 'System.IntPtr StereoKit.NativeLib.dlopen(System.String, System.Int32)'. L'appel de cette méthode lève une exception au moment de l'exécution. Vérifiez que P/Invoke pointe vers une API Windows autorisée dans les applications UWP ou une DLL native qui fait partie du package. Si, pour une raison ou une autre, votre P/Invoke ne répond pas à ce critère, utilisez [DllImport(ExactSpelling=true) pour indiquer que vous comprenez les implications de l'utilisation d'API non-UWP."
"Warning",,0,0,"      MCG : warning MCG0007: Méthode P/Invoke non résolue 'libdl.so.2!dlopen' pour la méthode 'System.IntPtr StereoKit.NativeLib.dlopen2(System.String, System.Int32)'. L'appel de cette méthode lève une exception au moment de l'exécution. Vérifiez que P/Invoke pointe vers une API Windows autorisée dans les applications UWP ou une DLL native qui fait partie du package. Si, pour une raison ou une autre, votre P/Invoke ne répond pas à ce critère, utilisez [DllImport(ExactSpelling=true) pour indiquer que vous comprenez les implications de l'utilisation d'API non-UWP."
"Message",Normal,"          P/Invoke 'GetStdHandle' résolu en 'GetStdHandle!kernel32.dll' à partir de 'SupportedAPIs.xml'."
"Message",Normal,"          P/Invoke 'GetConsoleMode' résolu en 'GetConsoleMode!kernel32.dll' à partir de 'SupportedAPIs.xml'."
"Message",Normal,"          P/Invoke 'SetConsoleMode' résolu en 'SetConsoleMode!kernel32.dll' à partir de 'SupportedAPIs.xml'."
"Message",Normal,"          P/Invoke 'RhpGetFuncEvalParameterBufferSize' avec [DllImport(ExactSpelling=true)] a été résolu en '[MRT]!RhpGetFuncEvalParameterBufferSize'."
"Message",Normal,"          P/Invoke 'RhpGetFuncEvalMode' avec [DllImport(ExactSpelling=true)] a été résolu en '[MRT]!RhpGetFuncEvalMode'."
"Message",Normal,"          P/Invoke 'RhpRecordDebuggeeInitiatedHandle' avec [DllImport(ExactSpelling=true)] a été résolu en '[MRT]!RhpRecordDebuggeeInitiatedHandle'."
"Message",Normal,"          P/Invoke 'RhpVerifyDebuggerCleanup' avec [DllImport(ExactSpelling=true)] a été résolu en '[MRT]!RhpVerifyDebuggerCleanup'."
"Message",Normal,"          P/Invoke 'RhpGetCurrentThread' avec [DllImport(ExactSpelling=true)] a été résolu en '[MRT]!RhpGetCurrentThread'."
"Message",Normal,"          P/Invoke 'RhWaitForPendingFinalizers' avec [DllImport(ExactSpelling=true)] a été résolu en '[MRT]!RhWaitForPendingFinalizers'."
"Message",Normal,"          P/Invoke 'RhYield' avec [DllImport(ExactSpelling=true)] a été résolu en '[MRT]!RhYield'."
"Message",Normal,"          P/Invoke 'RhFlushProcessWriteBuffers' avec [DllImport(ExactSpelling=true)] a été résolu en '[MRT]!RhFlushProcessWriteBuffers'."
"Message",Normal,"          P/Invoke 'RhCompatibleReentrantWaitAny' avec [DllImport(ExactSpelling=true)] a été résolu en '[MRT]!RhCompatibleReentrantWaitAny'."
"Message",Normal,"          P/Invoke 'RhCallDescrWorker' avec [DllImport(ExactSpelling=true)] a été résolu en '[MRT]!RhCallDescrWorker'."
"Message",Normal,"          P/Invoke '_ecvt_s' avec [DllImport(ExactSpelling=true)] a été résolu en '[MRT]!_ecvt_s'."
"Message",Normal,"          P/Invoke 'memmove' avec [DllImport(ExactSpelling=true)] a été résolu en '[MRT]!memmove'."
"Message",Normal,"          P/Invoke 'memset' avec [DllImport(ExactSpelling=true)] a été résolu en '[MRT]!memset'."
"Message",Normal,"          P/Invoke 'CallingConventionConverter_GetStubs' avec [DllImport(ExactSpelling=true)] a été résolu en '*!CallingConventionConverter_GetStubs'."
"Message",Normal,"          P/Invoke 'WindowsCreateStringReference' résolu en 'WindowsCreateStringReference!api-ms-win-core-winrt-string-l1-1-0.dll' à partir de 'SupportedAPIs.xml'."
"Message",Normal,"          P/Invoke 'GetLastError' résolu en 'GetLastError!api-ms-win-core-errorhandling-l1-1-0.dll' à partir de 'SupportedAPIs.xml'."
"Message",Normal,"          P/Invoke 'SetLastError' résolu en 'SetLastError!api-ms-win-core-errorhandling-l1-1-0.dll' à partir de 'SupportedAPIs.xml'."
"Message",Normal,"          P/Invoke 'RoInitialize' résolu en 'RoInitialize!api-ms-win-core-winrt-l1-1-0.dll' à partir de 'SupportedAPIs.xml'."
"Message",Normal,"          P/Invoke 'GetNativeSystemInfo' résolu en 'GetNativeSystemInfo!kernel32.dll' à partir de 'SupportedAPIs.xml'."
"Message",Normal,"          P/Invoke 'IsValidLocaleName' résolu en 'IsValidLocaleName!api-ms-win-core-localization-l1-2-0.dll' à partir de 'SupportedAPIs.xml'."
"Message",Normal,"          P/Invoke 'ResolveLocaleName' résolu en 'ResolveLocaleName!api-ms-win-core-localization-l1-2-0.dll' à partir de 'SupportedAPIs.xml'."
"Message",Normal,"          P/Invoke 'GetCPInfoExW' résolu en 'GetCPInfoExW!kernel32.dll' à partir de 'SupportedAPIs.xml'."
"Message",Normal,"          P/Invoke 'CoCreateInstance' résolu en 'CoCreateInstance!api-ms-win-core-com-l1-1-0.dll' à partir de 'SupportedAPIs.xml'."
"Message",Normal,"          P/Invoke 'SysFreeString' résolu en 'SysFreeString!OleAut32' à partir de 'SupportedAPIs.xml'."
"Message",Normal,"          P/Invoke 'GetStdHandle' résolu en 'GetStdHandle!kernel32.dll' à partir de 'SupportedAPIs.xml'."
"Message",Normal,"          P/Invoke 'WriteFile' résolu en 'WriteFile!kernel32.dll' à partir de 'SupportedAPIs.xml'."
"Message",Normal,"          P/Invoke 'GetFileType' résolu en 'GetFileType!kernel32.dll' à partir de 'SupportedAPIs.xml'."
"Message",Normal,"          P/Invoke 'GetConsoleOutputCP' résolu en 'GetConsoleOutputCP!kernel32.dll' à partir de 'SupportedAPIs.xml'."
"Message",Normal,"          P/Invoke 'ReadFile' résolu en 'ReadFile!kernel32.dll' à partir de 'SupportedAPIs.xml'."
"Message",Normal,"          P/Invoke 'ReadConsoleW' résolu en 'ReadConsoleW!kernel32.dll' à partir de 'SupportedAPIs.xml'."
"Message",Normal,"          P/Invoke 'WriteConsoleW' résolu en 'WriteConsoleW!kernel32.dll' à partir de 'SupportedAPIs.xml'."
"Message",Normal,"          P/Invoke 'GetConsoleCP' résolu en 'GetConsoleCP!kernel32.dll' à partir de 'SupportedAPIs.xml'."
"Message",Normal,"          P/Invoke 'WideCharToMultiByte' résolu en 'WideCharToMultiByte!kernel32.dll' à partir de 'SupportedAPIs.xml'."
"Message",Normal,"          P/Invoke 'MultiByteToWideChar' résolu en 'MultiByteToWideChar!kernel32.dll' à partir de 'SupportedAPIs.xml'."
"Message",Normal,"          P/Invoke 'GetCPInfoExW' résolu en 'GetCPInfoExW!kernel32.dll' à partir de 'SupportedAPIs.xml'."
"Message",Normal,"          P/Invoke 'GetConsoleMode' résolu en 'GetConsoleMode!kernel32.dll' à partir de 'SupportedAPIs.xml'."
"Message",Normal,"          P/Invoke 'FormatMessageW' résolu en 'FormatMessageW!kernel32.dll' à partir de 'SupportedAPIs.xml'."
"Message",Normal,"          P/Invoke 'RoGetBufferMarshaler' résolu en 'RoGetBufferMarshaler!api-ms-win-core-winrt-robuffer-l1-1-0.dll' à partir de 'SupportedAPIs.xml'."
"Message",High,"  Génération du code..."
"Message",High,"  Code interop généré."
"Message",Normal,"  Code écrit dans AssemblyInfo.g.cs"
"Message",Normal,"  Code écrit dans Adapters.g.cs"
"Message",Normal,"  Code écrit dans Data.g.cs"
"Message",Normal,"  Code écrit dans Helpers.g.cs"
"Message",Normal,"  Code écrit dans ImplTypes.g.cs"
"Message",Normal,"  Code écrit dans PInvoke.g.cs"
"Message",Normal,"  Code écrit dans SafeTypes.g.cs"
"Message",Normal,"  Code écrit dans SharedStubs.g.cs"
"Message",Normal,"Exécution de la transformation 'GenerateCodeAndCompile', tas à 145 Mo."
"Message",High,"Compilation du code interop"
"Message",Normal,"Compilation du code source généré : C:\Users\Yann\.nuget\packages\microsoft.net.native.compiler\2.2.7-rel-27913-00\tools\csc\csc.exe /noconfig @""C:\Users\Yann\OneDrive\Bureau\cours\m2\ContextAwareHololens\Hololens\obj\x64\Release\ilc\intermediate\Hololens.McgInterop.rsp"""
"Message",High,"Génération du code proxy System.Reflection.DispatchProxy."
"Message",Normal,"Exécution de la transformation 'ReducedCopyInitialize', tas à 145 Mo."
"Message",Normal,"Exécution de la transformation 'ReducedCopyEmptyTypes', tas à 162 Mo."
"Message",Normal,"Exécution de la transformation 'ReducedCopyPopulateTypes', tas à 163 Mo."
"Message",Normal,"Exécution de la transformation 'ReducedCopyLateMetadata', tas à 174 Mo."
"Message",Normal,"Exécution de la transformation 'ReducedCopyPassResourcesToMutableAssembly', tas à 158 Mo."
"Message",Normal,"Exécution de la transformation 'ReducedCopyMethodBodies', tas à 158 Mo."
"Message",Normal,"Exécution de la transformation 'ReducedCopyComplete', tas à 148 Mo."
"Message",Normal,"Exécution de la transformation 'ReducedCopyCleanup', tas à 164 Mo."
"Message",Normal,"Exécution de la transformation 'DeveloperExperienceModeOnlyCodeRemover', tas à 164 Mo."
"Message",Normal,"Exécution de la transformation 'ComImportDetector', tas à 164 Mo."
"Message",Normal,"Exécution de la transformation 'McgAccessor', tas à 164 Mo."
"Message",Normal,"Exécution de la transformation 'McgRedirect', tas à 165 Mo."
"Message",Normal,"Exécution de la transformation 'McgRedirect', tas à 166 Mo."
"Message",Normal,"Exécution de la transformation 'McgTypeOf', tas à 167 Mo."
"Message",Normal,"Exécution de la transformation 'EventSource', tas à 170 Mo."
"Message",Normal,"Exécution de la transformation 'ValueType', tas à 170 Mo."
"Message",Normal,"Exécution de la transformation 'Attribute', tas à 170 Mo."
"Message",Normal,"Exécution de la transformation 'GetType', tas à 170 Mo."
"Message",Normal,"Exécution de la transformation 'McgFixups', tas à 170 Mo."
"Message",Normal,"Exécution de la transformation 'ResourceManagerCtor', tas à 171 Mo."
"Message",Normal,"Exécution de la transformation 'TypeofTypeHandle', tas à 171 Mo."
"Message",Normal,"Exécution de la transformation 'DispatchProxyIntrinsics', tas à 172 Mo."
"Message",Normal,"Exécution de la transformation 'StaticInitData', tas à 172 Mo."
"Message",Normal,"Exécution de la transformation 'Delegate', tas à 175 Mo."
"Message",Normal,"Exécution de la transformation 'LazyGenerics', tas à 175 Mo."
"Message",Normal,"Exécution de la transformation 'AddReflectionBlockedAttributes', tas à 179 Mo."
"Message",Normal,"Exécution de la transformation 'DisableOptimization', tas à 179 Mo."
"Message",Normal,"Exécution de la transformation 'ResourceExtractor', tas à 179 Mo."
"Message",Normal,"Exécution de la transformation 'CreateMetadata', tas à 180 Mo."
"Message",Normal,"Exécution de la transformation 'StartupCodeInjector', tas à 187 Mo."
"Message",Normal,"Exécution de la transformation 'SaveRVAStatics', tas à 187 Mo."
"Message",Normal,"Exécution de la transformation 'ReflectionInvoke', tas à 188 Mo."
"Message",Normal,"Exécution de la transformation 'ScrubOpenCalls', tas à 188 Mo."
"Message",Normal,"Exécution de la transformation 'ConvertCatchIntoFilter', tas à 188 Mo."
"Message",Normal,"Exécution de la transformation 'ReflectionMappingInfoEmit', tas à 189 Mo."
"Message",Normal,"Exécution de la transformation 'ReflectionIntrinsics', tas à 189 Mo."
"Message",Normal,"Exécution de la transformation 'ConvertManagedWinMD', tas à 189 Mo."
"Message",Normal,"Exécution de la transformation 'DebuggerGuidedStepThroughJmc', tas à 189 Mo."
"Message",Normal,"Exécution de la transformation 'Reducer', tas à 190 Mo."
"Message",High,"Nettoyage du code non référencé"
"Message",Normal,"Exécution de la transformation 'WriteAssemblies', tas à 182 Mo."
"Message",Normal,""
"Message",Normal,"Résumé de la transformation"
"Message",Normal,"    ms | delta du tas | nom"
"Message",Normal,"  2711 |         35 | Analysis"
"Message",Normal,"   479 |          0 | GenerateCodeAndCompile"
"Message",Normal,"   232 |         17 | ReducedCopyInitialize"
"Message",Normal,"   231 |         19 | WriteAssemblies"
"Message",Normal,"   202 |         16 | ReducedCopyComplete"
"Message",Normal,"   175 |          1 | Mcg"
"Message",Normal,"   142 |         -8 | Reducer"
"Message",Normal,"   119 |         14 | DumpNativeResources"
"Message",Normal,"    54 |        -10 | ReducedCopyMethodBodies"
"Message",Normal,"    47 |        -16 | ReducedCopyLateMetadata"
"Message",Normal,"    32 |          7 | CreateMetadata"
"Message",Normal,"    29 |         11 | ReducedCopyPopulateTypes"
"Message",Normal,"    19 |          3 | McgTypeOf"
"Message",Normal,"    15 |          1 | McgRedirect"
"Message",Normal,"    13 |          4 | LazyGenerics"
"Message",Normal,"     9 |          1 | McgRedirect"
"Message",Normal,"     9 |          3 | StaticInitData"
"Message",Normal,"     8 |          1 | ResourceExtractor"
"Message",Normal,"     8 |          1 | TypeofTypeHandle"
"Message",Normal,"     4 |          1 | SaveRVAStatics"
"Message",Normal,"     3 |          0 | GetType"
"Message",Normal,"     2 |          1 | DebuggerGuidedStepThroughJmc"
"Message",Normal,"     2 |          0 | DispatchProxyIntrinsics"
"Message",Normal,"     2 |          1 | ReducedCopyEmptyTypes"
"Message",Normal,"     1 |          0 | ReducedCopyCleanup"
"Message",Normal,"     1 |          0 | ReflectionIntrinsics"
"Message",Normal,"     1 |          0 | ScrubOpenCalls"
"Message",Normal,"     1 |          1 | McgAccessor"
"Message",Normal,"     1 |          0 | ReflectionInvoke"
"Message",Normal,"     1 |          1 | McgFixups"
"Message",Normal,"     0 |          0 | ResourceManagerCtor"
"Message",Normal,"     0 |          0 | ConvertManagedWinMD"
"Message",Normal,"     0 |          0 | ReflectionMappingInfoEmit"
"Message",Normal,"     0 |          1 | ConvertCatchIntoFilter"
"Message",Normal,"     0 |          0 | StartupCodeInjector"
"Message",Normal,"     0 |          0 | ComImportDetector"
"Message",Normal,"     0 |          0 | DisableOptimization"
"Message",Normal,"     0 |          0 | AddReflectionBlockedAttributes"
"Message",Normal,"     0 |          0 | EventSource"
"Message",Normal,"     0 |          0 | Delegate"
"Message",Normal,"     0 |          0 | ValueType"
"Message",Normal,"     0 |          0 | Attribute"
"Message",Normal,"     0 |          0 | DeveloperExperienceModeOnlyCodeRemover"
"Message",Normal,"     0 |          0 | ReducedCopyPassResourcesToMutableAssembly"
"Message",Low,"Fin de l'exécution de la tâche ""RunILTransforms""."
"Message",Low,"Génération de la cible ""RunILTransforms"" terminée dans le fichier ""ILTransforms""."
"Message",Low,"Génération du projet ""ILTransforms"" terminée."
"Message",Low,""
"Message",Low,""
"Message",Low,"Génération de la cible ""GenerateMDIL"" terminée dans le fichier ""Nutc""."
"Message",Low,""
"Message",High,"Génération du code natif"
"Message",Low,"Génération de la cible ""MDILPrepareMultiFile"" terminée dans le fichier ""Nutc""."
"Message",Low,""
"Message",Low,"Génération de la cible ""SetBinaryForReferences"" terminée dans le fichier ""Nutc""."
"Message",Low,""
"Message",Low,"Tâche ""GenerateMDILGlobalAnalysis"""
"Message",Normal,"Lancement de 'C:\Users\Yann\.nuget\packages\runtime.win10-x64.microsoft.net.native.compiler\2.2.7-rel-27913-00\tools\x64\ilc\Tools\nutc_driver.exe @""C:\Users\Yann\OneDrive\Bureau\cours\m2\ContextAwareHololens\Hololens\obj\x64\Release\ilc\intermediate\MDIL\Hololens.rsp""'"
"Message",Low,"Microsoft (R) MDIL Compiler - Version 2.2.27913.00"
"Message",Low,"Copyright (c) Microsoft Corporation.  All rights reserved."
"Message",Low,"Analyse des types d'entrée"
"Message",Low,"Analyse de 2623 méthodes."
"Message",Low,"Analyse de 1874 méthodes."
"Message",Low,"Analyse de 779 méthodes."
"Message",Low,"Analyse de 349 méthodes."
"Message",Low,"Analyse de 196 méthodes."
"Message",Low,"Analyse de 143 méthodes."
"Message",Low,"Analyse de 65 méthodes."
"Message",Low,"Analyse de 113 méthodes."
"Message",Low,"Analyse de 44 méthodes."
"Message",Low,"Analyse de 54 méthodes."
"Message",Low,"Analyse de 44 méthodes."
"Message",Low,"Analyse de 16 méthodes."
"Message",Low,"Analyse de 11 méthodes."
"Message",Low,"Analyse de 5 méthodes."
"Message",Low,"Analyse de 5 méthodes."
"Message",Low,"Analyse de 18 méthodes."
"Message",Low,"Analyse de 44 méthodes."
"Message",Low,"Analyse de 31 méthodes."
"Message",Low,"Analyse de 115 méthodes."
"Message",Low,"Analyse de 69 méthodes."
"Message",Low,"Analyse de 47 méthodes."
"Message",Low,"Analyse de 4 méthodes."
"Message",Low,"Analyse de 4 méthodes."
"Message",Low,"Génération de code hâtive"
"Message",Low,"Compilation de 6653 méthodes."
"Message",Low,"Génération de code différée"
"Message",Low,"Appel à la méthode managée Initialize effectué ; code de sortie : 0 durant la génération de la liste CTL.Statistiques des métadonnées de la trace de la pile"
"Message",Low,"Nombre de méthodes envoyées :   2376"
"Message",Low,"Taille de l'objet blob de métadonnées :          79501"
"Message",Low,"RVA de la méthode - taille de la table des jetons : 19008"
"Message",Low,"Taille native totale :           98509"
"Message",Low,"Génération réussie de 'C:\Users\Yann\OneDrive\Bureau\cours\m2\ContextAwareHololens\Hololens\obj\x64\Release\ilc\intermediate\MDIL\Hololens.mdilexe'"
"Message",Low,"Génération réussie de 'C:\Users\Yann\OneDrive\Bureau\cours\m2\ContextAwareHololens\Hololens\obj\x64\Release\ilc\intermediate\MDIL\Hololens.mdilpdb'"
"Message",Low,"Compilé en code MDIL."
"Message",Normal,"'C:\Users\Yann\.nuget\packages\runtime.win10-x64.microsoft.net.native.compiler\2.2.7-rel-27913-00\tools\x64\ilc\Tools\nutc_driver.exe @""C:\Users\Yann\OneDrive\Bureau\cours\m2\ContextAwareHololens\Hololens\obj\x64\Release\ilc\intermediate\MDIL\Hololens.rsp""' achevé."
"Message",Normal,"Statistiques d'exécution de processus (toutes les durées en millisecondes)"
"Message",Normal,"-----------------------------------------------------------------------------"
"Message",Normal,"lancement | début |   arrêt  |   fin    |  durée   | durée de vie | nom [emplacement]"
"Message",Normal,"-----------------------------------------------------------------------------"
"Message",Normal,"       0 |        0 |     4609 |     4609 |     4609 |     4609 | [0] Nutc GlobalAnalysis"
"Message",Normal,"Nombre de commandes :    1"
"Message",Normal,"Temps système total :    4609 ms"
"Message",Normal,"Temps système par commande : 4609 ms"
"Message",Normal,"Durée totale :           4609 ms"
"Message",Normal,"Durée de vie totale :    4609 ms"
"Message",Normal,"DOP demandé :            12"
"Message",Normal,"Durée DOP :              1,0"
"Message",Normal,"Durée de vie DOP :       1,0"
"Message",Low,"Fin de l'exécution de la tâche ""GenerateMDILGlobalAnalysis""."
"Message",Low,"Génération de la cible ""GenerateMDILGlobalAnalysis"" terminée dans le fichier ""Nutc""."
"Message",Low,""
"Message",Low,"Tâche ""rc"""
"Message",Normal,"Lancement de 'C:\Program Files (x86)\Windows Kits\10\bin\10.0.17763.0\x64\rc.exe /c ""65001"" /r /fo ""C:\Users\Yann\OneDrive\Bureau\cours\m2\ContextAwareHololens\Hololens\obj\x64\Release\ilc\intermediate\BuildInfo\BuildInfo.res"" ""C:\Users\Yann\OneDrive\Bureau\cours\m2\ContextAwareHololens\Hololens\obj\x64\Release\ilc\intermediate\BuildInfo\BuildInfo.rc""'"
"Message",Low,"Microsoft (R) Windows (R) Resource Compiler Version 10.0.10011.16384"
"Message",Low,"Copyright (C) Microsoft Corporation.  All rights reserved."
"Message",Normal,"'C:\Program Files (x86)\Windows Kits\10\bin\10.0.17763.0\x64\rc.exe /c ""65001"" /r /fo ""C:\Users\Yann\OneDrive\Bureau\cours\m2\ContextAwareHololens\Hololens\obj\x64\Release\ilc\intermediate\BuildInfo\BuildInfo.res"" ""C:\Users\Yann\OneDrive\Bureau\cours\m2\ContextAwareHololens\Hololens\obj\x64\Release\ilc\intermediate\BuildInfo\BuildInfo.rc""' achevé."
"Message",Normal,"Statistiques d'exécution de processus (toutes les durées en millisecondes)"
"Message",Normal,"-----------------------------------------------------------------------------"
"Message",Normal,"lancement | début |   arrêt  |   fin    |  durée   | durée de vie | nom [emplacement]"
"Message",Normal,"-----------------------------------------------------------------------------"
"Message",Normal,"       0 |        0 |       16 |       16 |       16 |       16 | [0] rc"
"Message",Normal,"Nombre de commandes :    1"
"Message",Normal,"Temps système total :    16 ms"
"Message",Normal,"Temps système par commande : 16 ms"
"Message",Normal,"Durée totale :           16 ms"
"Message",Normal,"Durée de vie totale :    16 ms"
"Message",Normal,"DOP demandé :            12"
"Message",Normal,"Durée DOP :              1,0"
"Message",Normal,"Durée de vie DOP :       1,0"
"Message",Low,"Fin de l'exécution de la tâche ""rc""."
"Message",Low,"Tâche ""ResourceBinaryConcatenate"""
"Message",Normal,"Concaténation en 'C:\Users\Yann\OneDrive\Bureau\cours\m2\ContextAwareHololens\Hololens\obj\x64\Release\ilc\intermediate\Native.res' avec l'alignement '4'."
"Message",Normal," Ajout effectué de 'C:\Users\Yann\OneDrive\Bureau\cours\m2\ContextAwareHololens\Hololens\obj\x64\Release\ilc\intermediate\ILTransformed\Hololens.res' à l'offset 0."
"Message",Normal," Ajout effectué de 'C:\Users\Yann\OneDrive\Bureau\cours\m2\ContextAwareHololens\Hololens\obj\x64\Release\ilc\intermediate\BuildInfo\BuildInfo.res' à l'offset 1384."
"Message",Low,"Fin de l'exécution de la tâche ""ResourceBinaryConcatenate""."
"Message",Low,"Génération de la cible ""GenerateBuildInfo"" terminée dans le fichier ""Nutc""."
"Message",Low,"Génération du projet ""Nutc"" terminée."
"Message",Low,""
"Message",Low,""
"Message",Low,"Génération de la cible ""MDILBindPrepare"" terminée dans le fichier ""Binder""."
"Message",Low,""
"Message",High,"Génération de corrections pour le code natif"
"Message",Low,"Tâche ""MDILBind"""
"Message",Normal,"Lancement de 'C:\Users\Yann\.nuget\packages\runtime.win10-x64.microsoft.net.native.compiler\2.2.7-rel-27913-00\tools\x64\ilc\Tools\rhbind.exe @""C:\Users\Yann\OneDrive\Bureau\cours\m2\ContextAwareHololens\Hololens\obj\x64\Release\ilc\intermediate\rhbindargs.Hololens.rsp""'"
"Message",Low,"VERSION DE SYSTÈME D'EXPLOITATION : principale : 6  secondaire : 2"
"Message",Low,"MDIL : C:\Users\Yann\OneDrive\Bureau\cours\m2\ContextAwareHololens\Hololens\obj\x64\Release\ilc\intermediate\MDIL\Hololens.mdilexe"
"Message",Low,"MDILPDB : C:\Users\Yann\OneDrive\Bureau\cours\m2\ContextAwareHololens\Hololens\obj\x64\Release\ilc\intermediate\MDIL\Hololens.mdilpdb"
"Message",Low,"IL : C:\Users\Yann\OneDrive\Bureau\cours\m2\ContextAwareHololens\Hololens\obj\x64\Release\ilc\intermediate\MDIL\Hololens.ilexe"
"Message",Low,"NI : C:\Users\Yann\OneDrive\Bureau\cours\m2\ContextAwareHololens\Hololens\obj\x64\Release\ilc\intermediate\Native\Hololens.dll"
"Message",Low,"SHIM : C:\Users\Yann\OneDrive\Bureau\cours\m2\ContextAwareHololens\Hololens\obj\x64\Release\ilc\intermediate\Native\Hololens.exe"
"Message",Low,"REDHAWK_RUNTIME_DLL_NAME_A=mrt100_app.dll"
"Message",Low,"pdb : C:\Users\Yann\OneDrive\Bureau\cours\m2\ContextAwareHololens\Hololens\obj\x64\Release\ilc\intermediate\Native\Hololens.pdb"
"Message",Low,"C:\Users\Yann\OneDrive\Bureau\cours\m2\ContextAwareHololens\Hololens\obj\x64\Release\ilc\intermediate\Native\Hololens.dll produits en 0.231 secondes"
"Message",Normal,"'C:\Users\Yann\.nuget\packages\runtime.win10-x64.microsoft.net.native.compiler\2.2.7-rel-27913-00\tools\x64\ilc\Tools\rhbind.exe @""C:\Users\Yann\OneDrive\Bureau\cours\m2\ContextAwareHololens\Hololens\obj\x64\Release\ilc\intermediate\rhbindargs.Hololens.rsp""' achevé."
"Message",Normal,"Statistiques d'exécution de processus (toutes les durées en millisecondes)"
"Message",Normal,"-----------------------------------------------------------------------------"
"Message",Normal,"lancement | début |   arrêt  |   fin    |  durée   | durée de vie | nom [emplacement]"
"Message",Normal,"-----------------------------------------------------------------------------"
"Message",Normal,"       0 |       16 |      250 |      250 |      234 |      250 | [0] rhbind Hololens"
"Message",Normal,"Nombre de commandes :    1"
"Message",Normal,"Temps système total :    250 ms"
"Message",Normal,"Temps système par commande : 250 ms"
"Message",Normal,"Durée totale :           234 ms"
"Message",Normal,"Durée de vie totale :    250 ms"
"Message",Normal,"DOP demandé :            12"
"Message",Normal,"Durée DOP :              0,9"
"Message",Normal,"Durée de vie DOP :       1,0"
"Message",Low,"Fin de l'exécution de la tâche ""MDILBind""."
"Message",Low,"Génération de la cible ""MDILBind"" terminée dans le fichier ""Binder""."
"Message",Low,"Génération du projet ""Binder"" terminée."
"Message",Low,""
"Message",Low,""
"Message",Low,"Génération de la cible ""CopyNativeExecutablesToOutput"" terminée dans le fichier ""Deployment""."
"Message",Low,""
"Message",Low,"Tâche ""TransformAppxManifest"""
"Message",Low,"Fin de l'exécution de la tâche ""TransformAppxManifest""."
"Message",Low,"Génération de la cible ""TransformAppxManifestAndAddCrt"" terminée dans le fichier ""Deployment""."
"Message",Low,""
"Message",Low,"Génération de la cible ""CopyPackageResourceFileInRetailBuild"" terminée dans le fichier ""Deployment""."
"Message",Low,"Génération du projet ""Deployment"" terminée."
"Message",Low,"Fin de la compilation"
